user_id,product_id,rating,timestamp
AE22XHMBOBJBXUFCTNYLFMD4UKMA,B00DT4757A,5.0,1471107037000
AE22XHMBOBJBXUFCTNYLFMD4UKMA,B00NT0AR7E,5.0,1424615980000
AE22XHMBOBJBXUFCTNYLFMD4UKMA,B00OS9YWJY,4.0,1431982094000
AE3AHOMNAUCHRF56YVRJVB5K2BVQ,B07J3H27BJ,5.0,1486594133000
AE3PLZHW6NXWBMZ76TDVFQG2MJFA,B00U2VQZC4,4.0,1441242419000
AE3PLZHW6NXWBMZ76TDVFQG2MJFA,B0848VJ18X,5.0,1583996399021
AE3PLZHW6NXWBMZ76TDVFQG2MJFA,B08S1LWF9V,5.0,1617296075291
AE42JOYFQHTYH52IJXJTJTWO4BTQ,B01A1X8O1C,1.0,1469565925000
AE42JOYFQHTYH52IJXJTJTWO4BTQ,B01I2I9NG8,4.0,1470310840000
AE42JOYFQHTYH52IJXJTJTWO4BTQ,B01LAV3O6E,5.0,1495253272000
AE4BNVZB6XQSQO7TW5257PA543IA,B0C9CWKY9G,5.0,1566501764091
AE4LJEN6WWZO7ODZTJCFBPBG4WPQ,B00XDB3QTA,5.0,1457713665000
AE4LJEN6WWZO7ODZTJCFBPBG4WPQ,B00XZA42TW,5.0,1445699937000
AE4LJEN6WWZO7ODZTJCFBPBG4WPQ,B011JG1K3E,5.0,1457714040000
AE4MM3PG6CWPQBHNQD6ET2NE3DUA,B019YV849E,5.0,1529502018147
AE4MM3PG6CWPQBHNQD6ET2NE3DUA,B01N1G4YNL,1.0,1529502097232
AE4MM3PG6CWPQBHNQD6ET2NE3DUA,B07DMD8M5T,5.0,1576117433493
AE4QTDHUXQO2NOTJHNQ4FXYQNR2A,B06XJR3BBX,4.0,1677557180295
AE4QTDHUXQO2NOTJHNQ4FXYQNR2A,B079YGNFRV,1.0,1554014285685
AE4QTDHUXQO2NOTJHNQ4FXYQNR2A,B0811YBYVR,5.0,1586304298700
AE4YAJZZGCHW35KEUPTKT3PTK5ZA,B07KFT2G9C,5.0,1564253640627
AE53545QTFI7RPWHC2BSGOAD3NYA,B00MQ6BE92,4.0,1440166256000
AE53545QTFI7RPWHC2BSGOAD3NYA,B00X6P92OG,4.0,1440774869000
AE53545QTFI7RPWHC2BSGOAD3NYA,B013HR1A92,4.0,1443130162000
AE53545QTFI7RPWHC2BSGOAD3NYA,B01AYTGWA8,5.0,1459283805000
AE53545QTFI7RPWHC2BSGOAD3NYA,B01DGWYQCG,4.0,1460946895000
AE56QVXZRWJXFO7GLEVIB3CYTJCA,B074FST3SZ,4.0,1528671813358
AE5BJ7H6CM2VLC677M6J2YEF5VZA,B006GDQL44,3.0,1442616849000
AE5BJ7H6CM2VLC677M6J2YEF5VZA,B07FKGGLCW,5.0,1535142674949
AE5BJ7H6CM2VLC677M6J2YEF5VZA,B07YZ7JG6Z,1.0,1578524048186
AE5BUSASMZCHIDAXE34SKIKGDHYA,B000X1YING,3.0,1560884320593
AE5VNUICFDEK4XZ6CVCG7A74YU6A,B001B9S416,5.0,1426209862000
AE5VNUICFDEK4XZ6CVCG7A74YU6A,B004JFTMM4,5.0,1426209948000
AE5VNUICFDEK4XZ6CVCG7A74YU6A,B00MFWM1YO,5.0,1426209503000
AE644JVRCJETRVH5MHJ55NHVPOFQ,B00OS9YWJY,5.0,1463667919000
AE644JVRCJETRVH5MHJ55NHVPOFQ,B00VXEQ0WO,5.0,1464278726000
AE644JVRCJETRVH5MHJ55NHVPOFQ,B0190JGPZA,5.0,1457831129000
AE644JVRCJETRVH5MHJ55NHVPOFQ,B01AYTGWA8,5.0,1459812193000
AE644JVRCJETRVH5MHJ55NHVPOFQ,B01CUPHRQM,5.0,1466898921000
AE66KRA75LTNO5GMZGURBUHOMIHQ,B000BOZ8UM,5.0,1410413584000
AE66KRA75LTNO5GMZGURBUHOMIHQ,B00K5RZIKA,4.0,1466317400000
AE66KRA75LTNO5GMZGURBUHOMIHQ,B0107QYW14,1.0,1466319866000
AE6AUO3Z6Q5N5VK2JDWGZEGFW4GA,B000FEF1V4,4.0,1204729652000
AE6AUO3Z6Q5N5VK2JDWGZEGFW4GA,B002C741NG,4.0,1251379834000
AE6AUO3Z6Q5N5VK2JDWGZEGFW4GA,B00CUF29WU,5.0,1391269202000
AE6BCFKTZMEKVOLJ6L6R2XPMK4GQ,B00JJV2XL0,5.0,1452215469000
AE6BCFKTZMEKVOLJ6L6R2XPMK4GQ,B00JSACNMG,5.0,1452212855000
AE6BCFKTZMEKVOLJ6L6R2XPMK4GQ,B012Q9NGE4,5.0,1453436865000
AE6DYQ3JL7K53MUXRBUAYGK5U4LQ,B00OXDWFG2,5.0,1427222662000
AE6DYQ3JL7K53MUXRBUAYGK5U4LQ,B00VX17F1W,5.0,1431735247000
AE6DYQ3JL7K53MUXRBUAYGK5U4LQ,B00XDB3QTA,5.0,1436487019000
AE6ECCZD7YEPZSHXWEXOPOEE5ZBQ,B06XB5MQGT,4.0,1502465847028
AE6ECCZD7YEPZSHXWEXOPOEE5ZBQ,B06XGGHYTZ,5.0,1498147006942
AE6ECCZD7YEPZSHXWEXOPOEE5ZBQ,B07KFRL2Q1,4.0,1550373339683
AE6EF76FKBHKADXJH5WK3IXFB3PA,B019GBG0IE,5.0,1489158752000
AE6EF76FKBHKADXJH5WK3IXFB3PA,B01ENDFXJW,5.0,1568215955469
AE6EF76FKBHKADXJH5WK3IXFB3PA,B0B96MFXSJ,5.0,1568215464653
AE6EJR5XQYZJKZ3OZ4ZGRUKIDKIQ,B00RNFREKO,1.0,1472706043000
AE6PFGAUIE3NUNMOVBTRJF2OS6GQ,B012Q9NGE4,5.0,1452106508000
AE6PFGAUIE3NUNMOVBTRJF2OS6GQ,B01F8P1TI8,3.0,1469510649000
AE6PFGAUIE3NUNMOVBTRJF2OS6GQ,B01J6I6MJY,3.0,1486989058000
AE7DBXHERLGIZTXPGRLTT4BP7J5Q,B00XP86KXU,5.0,1472483817000
AE7DBXHERLGIZTXPGRLTT4BP7J5Q,B0150VWF5G,5.0,1492878600000
AE7DBXHERLGIZTXPGRLTT4BP7J5Q,B01A3I5IGE,1.0,1541456741583
AE7DI6XIDTBPCKMROJGGZRZMFPSA,B077KQRS49,4.0,1540395285093
AE7G625JJ2JT4A33SCTVCSPY7WFQ,B06XKS989B,3.0,1516754132387
AE7KFYHINAVYQMARSWDUBHUVGP2A,B00HLWOHFE,5.0,1470011853000
AE7KFYHINAVYQMARSWDUBHUVGP2A,B0171UQIUW,5.0,1470011811000
AE7S6QS5XPGQGVGUH4NQIIT5DZPA,B00L4HJX7O,5.0,1441374421000
AE7S6QS5XPGQGVGUH4NQIIT5DZPA,B00X6P92OG,5.0,1447284853000
AE7S6QS5XPGQGVGUH4NQIIT5DZPA,B00X6QE9MK,5.0,1440454336000
AE7YJEF3XD5OYHLAMDDDXCL52V2A,B00DT4757A,5.0,1427222272000
AE7YJEF3XD5OYHLAMDDDXCL52V2A,B00OXDWFG2,5.0,1427222383000
AE7YJEF3XD5OYHLAMDDDXCL52V2A,B00PKIE760,5.0,1428588578000
AEAN3MIX3YEDPN5HGMTQVA7LJ7PA,B00JSACNMG,5.0,1421708265000
AEAN3MIX3YEDPN5HGMTQVA7LJ7PA,B00KECQ8BY,5.0,1418489429000
AEAN3MIX3YEDPN5HGMTQVA7LJ7PA,B00KVO2JWC,5.0,1420826012000
AEAVKANE3PHNTKJRASQ4UN6Y3WSQ,B00UCMO2U0,3.0,1660320843128
AEAXAJACFMXIAAH4WOHRMXPSZWFA,B00FQD0LNW,3.0,1462973671000
AEAXAJACFMXIAAH4WOHRMXPSZWFA,B00N6WHTRG,5.0,1413078369000
AEAXAJACFMXIAAH4WOHRMXPSZWFA,B00OXDWFG2,5.0,1420180377000
AEBCJUUWEYQISFARG66EMSC5UCRQ,B07Q6R1119,5.0,1557285102095
AEBIJU3ZVF2KH2FZ73DL66OVURCQ,B01GS7QKQQ,5.0,1493460417000
AEBIJU3ZVF2KH2FZ73DL66OVURCQ,B01N00UFDV,5.0,1491443145000
AEBIJU3ZVF2KH2FZ73DL66OVURCQ,B0836X3MLZ,5.0,1661766890485
AEBWGXGGL3Q5DSTMUQSTVUJDWSMA,B07PPLGRM2,5.0,1567684103529
AEBWGXGGL3Q5DSTMUQSTVUJDWSMA,B08NC4378M,5.0,1619187660447
AEBWGXGGL3Q5DSTMUQSTVUJDWSMA,B0BTJ6SYKB,4.5,1622823883780
AEC4CEAL4Y4E2WMW3YVE35PM4ICA,B07C533XCW,5.0,1566226184689
AECFLAEJP55ZWHPQAM66DYW26E3A,B00W84M8H4,4.0,1482188360000
AECFLAEJP55ZWHPQAM66DYW26E3A,B01LYJX8SH,4.0,1570745994259
AECFLAEJP55ZWHPQAM66DYW26E3A,B07FXGD735,4.0,1571083329443
AECHUDNZQG23VBOCXYKWNDRDATDQ,B08RNQNFW1,5.0,1635189889334
AECLBRUX5OXR6JUHAHCC2XW4IIMA,B016LD3C04,5.0,1405444330000
AECOSEYLI4GSZADSYIDMUWO3EKXA,B001FYT87G,4.0,1392229753000
AECOSEYLI4GSZADSYIDMUWO3EKXA,B00YI0XFUU,5.0,1512744216019
AECOSEYLI4GSZADSYIDMUWO3EKXA,B09RDC6YH2,3.0,1480170101000
AECUSWY5W5OI6TI5U3K7RN65S3IQ,B06XYSBRR3,5.0,1528393829356
AECUSWY5W5OI6TI5U3K7RN65S3IQ,B071YPRG4C,5.0,1580683347107
AECUSWY5W5OI6TI5U3K7RN65S3IQ,B08P46JDHJ,5.0,1610981043246
AECUSWY5W5OI6TI5U3K7RN65S3IQ,B0BCFSS4P6,4.0,1595774002822
AECV5LPBOMWBONIWBQ3YYJSWDLUA,B08L5KN7X4,5.0,1620191839618
AEDJGAJZACKESFQTYC2Y4DYC7U7A,B07GV9VGLD,5.0,1563532784648
AEDKAJUETERCLXVBOJNKNFCU5IHA,B01DUYNJL4,4.0,1576255625375
AEDKAJUETERCLXVBOJNKNFCU5IHA,B07G19ZXWB,4.0,1555729364039
AEDKAJUETERCLXVBOJNKNFCU5IHA,B09Q3X5YWR,3.0,1555727500732
AEDSLZVBXJCWQ2FB347T7BJS7Q2A,B08BL85TKP,5.0,1597216807844
AEDTFGYIY356CVZAJXBKVSS75MTQ,B014P8G0SS,5.0,1563464666009
AEDTFGYIY356CVZAJXBKVSS75MTQ,B0747S72MB,3.0,1552163225650
AEDTFGYIY356CVZAJXBKVSS75MTQ,B08HPSMC2C,1.0,1608056964760
AEDTFGYIY356CVZAJXBKVSS75MTQ,B08L3J4FB9,5.0,1644347245193
AEDU4BNC4AF7GTMYZU3ZOMFJWKYQ,B085RB4K7T,1.0,1593717390170
AEEA3LAL522GJ4ZQ2FBCY7IZHE7A,B00UFVS0G0,5.0,1533686355234
AEEA3LAL522GJ4ZQ2FBCY7IZHE7A,B07SZHBDNJ,5.0,1583959082025
AEEA3LAL522GJ4ZQ2FBCY7IZHE7A,B0BNWSR278,5.0,1533686449961
AEECZDACII6XK2FADKCGU6HZCXPQ,B07DQGT2JH,5.0,1592933498072
AEEFTR5DV4YXP25FY7Z5M7JCQEUQ,B00Z5VI9MK,5.0,1563853634959
AEEFTR5DV4YXP25FY7Z5M7JCQEUQ,B0BNWSR278,5.0,1567451804053
AEEJI27B3RDW7RQIG5GDSXIL473A,B005IYYF5E,5.0,1464617308000
AEEJI27B3RDW7RQIG5GDSXIL473A,B00ZUD4B5C,5.0,1452348851000
AEEJI27B3RDW7RQIG5GDSXIL473A,B01F7WA2X0,3.0,1509387172496
AEEKOFPM77SMTL5T7ISOHEX4K6UA,B00CLXXXH6,5.0,1591188203665
AEEKOFPM77SMTL5T7ISOHEX4K6UA,B0753JSKQZ,5.0,1580734341218
AEEKOFPM77SMTL5T7ISOHEX4K6UA,B07QMQN8TR,5.0,1577113347540
AEEO4SJ4MMZH2GD3NY56GLGO3VEA,B006GDB518,5.0,1465097184000
AEEO4SJ4MMZH2GD3NY56GLGO3VEA,B00NPF64L6,4.0,1416856227000
AEEO4SJ4MMZH2GD3NY56GLGO3VEA,B00TAHJOYC,5.0,1489655020000
AEEO4SJ4MMZH2GD3NY56GLGO3VEA,B07D1B499B,4.0,1467313587000
AEEYL4VWURBECZEQU7EKYJH3KGJQ,B002GDKPUY,3.0,1515743028993
AEFE3CD4UWQHJRKTEO5MJC3DWJPQ,B07467LHZ7,3.0,1639884096451
AEFJCUL7E4UIXXUMCIGQV4VGLU5Q,B00BMW24TU,5.0,1376673650000
AEFJCUL7E4UIXXUMCIGQV4VGLU5Q,B01M32EXU4,4.0,1520281769099
AEFJCUL7E4UIXXUMCIGQV4VGLU5Q,B06XD9QCPV,5.0,1590767503180
AEFJCUL7E4UIXXUMCIGQV4VGLU5Q,B07H281V4V,4.0,1570746164012
AEFJCUL7E4UIXXUMCIGQV4VGLU5Q,B07V2RWFR3,2.0,1654896423544
AEFJCUL7E4UIXXUMCIGQV4VGLU5Q,B0C1ND3FVR,3.0,1522682068200
AEFNB6WOMPTCFVF472ZJIGOL5WMA,B009AQK8CK,3.0,1439678981000
AEFNB6WOMPTCFVF472ZJIGOL5WMA,B012Q9NGE4,5.0,1451436834000
AEFNB6WOMPTCFVF472ZJIGOL5WMA,B016YH0REG,5.0,1466354805000
AEFQIRQD2VXVJLJAC66LQMTSLMKA,B016LD3C04,5.0,1416858266000
AEFWZHXORL4OXA4GII6EAJ4M3LVA,B0722HKRHH,5.0,1606925227253
AEFWZHXORL4OXA4GII6EAJ4M3LVA,B07DJ63S55,1.0,1576039802063
AEFXBDUCHJEQS7NPDTGNGCRHO2OQ,B00KBYQDI8,5.0,1658253930798
AEFZICIHRGRPFBL4RZLNAMWYWK7Q,B00DT4757A,2.0,1463343377000
AEG2APVZSEZULB4ENINTBABQF7BQ,B005V3AV5U,5.0,1423963645000
AEG2APVZSEZULB4ENINTBABQF7BQ,B00N6WHTRG,5.0,1435629872000
AEG2APVZSEZULB4ENINTBABQF7BQ,B00O3ILA5Y,5.0,1431116056000
AEG2APVZSEZULB4ENINTBABQF7BQ,B00VXEQ0WO,5.0,1439316913000
AEG4HM36PVDBVOJY752SHLLENIYQ,B00VXEQ0WO,4.0,1440120792000
AEG4HM36PVDBVOJY752SHLLENIYQ,B013L9TX22,4.0,1443121061000
AEG4HM36PVDBVOJY752SHLLENIYQ,B015TJJYXU,4.0,1447634997000
AEG5FS7I7YBFAOKUHMEC46ENKWIQ,B09DXK7BB3,5.0,1641139871298
AEGCTRMIXEP5LU7KP7NYK5D62RNA,B09BB1R2NT,5.0,1632713419650
AEGKVQQ56GACBIDAM2XNOYFQPJCQ,B07C533XCW,5.0,1565146940308
AEGKVQQ56GACBIDAM2XNOYFQPJCQ,B07TLMZL3T,5.0,1603161119579
AEGKVQQ56GACBIDAM2XNOYFQPJCQ,B09W66MSPX,5.0,1592270073641
AEGMBU2PMHWHIYSTZNO2PD6YFNQQ,B077FFCS6F,4.0,1519246796792
AEGMBU2PMHWHIYSTZNO2PD6YFNQQ,B079HF1LRD,5.0,1524788051461
AEGMBU2PMHWHIYSTZNO2PD6YFNQQ,B07M5HB65T,5.0,1563986549773
AEGNAKXFXRPETE4ABG5KTU4R57RA,B000GBID20,3.0,1232648081000
AEGYRO4PK5GFEV4FTAB5L6XLAPAA,B09CYPJHZ5,5.0,1622789557809
AEH7IPM6YQSM3I2MLE6QCKE4HA4A,B000KRL5VG,1.0,1476670085000
AEHCBGRTWONUCY2IR7V6JJR3NCDQ,B078W6XC3C,1.0,1578159493505
AEHFMEQJPW2L3OREFQN4O6R7E5OA,B019BCAMT6,4.0,1535054284756
AEHFMEQJPW2L3OREFQN4O6R7E5OA,B01M1OFZOG,4.0,1504976497896
AEHFMEQJPW2L3OREFQN4O6R7E5OA,B07FX823ZQ,4.0,1555593146309
AEHH4ZCAU2UKQCG6XUGD7NXBVFNQ,B011EXDBAM,5.0,1468300947000
AEHH4ZCAU2UKQCG6XUGD7NXBVFNQ,B01CDEJ1H8,3.0,1470414762000
AEHH4ZCAU2UKQCG6XUGD7NXBVFNQ,B01CUPHRQM,4.0,1467855544000
AEHH4ZCAU2UKQCG6XUGD7NXBVFNQ,B01CVQALFE,5.0,1467853812000
AEHJ5YIO2W6FQAFBHN65DFGWGLHA,B016D604OG,5.0,1541703279770
AEHJ5YIO2W6FQAFBHN65DFGWGLHA,B01AYTGWA8,4.0,1465607058000
AEHJ5YIO2W6FQAFBHN65DFGWGLHA,B01GLTUKKS,3.0,1515635664677
AEHMQTODID3FAMY5VTOCNK3RBFTQ,B01FY4WF54,2.0,1515710483777
AEHNRIRHKXUWYPIEPZ3HTSJQUAYA,B0773VWSZY,5.0,1477082704000
AEHNRIRHKXUWYPIEPZ3HTSJQUAYA,B07D6SWYV4,4.0,1553709092162
AEHNRIRHKXUWYPIEPZ3HTSJQUAYA,B08K9B8B4X,3.0,1606603658506
AEHOFUNZP6VT74RUDDCJ2VVIT56A,B0009MFUOA,5.0,1295385941000
AEHOFUNZP6VT74RUDDCJ2VVIT56A,B000PKNPES,4.0,1295364842000
AEHOFUNZP6VT74RUDDCJ2VVIT56A,B002C741NG,4.0,1249841946000
AEHOFUNZP6VT74RUDDCJ2VVIT56A,B017AGMC3O,5.0,1463587035000
AEHSRNBMDF4UAOOCWWVGVXOTNL6Q,B06XHXGSKX,5.0,1519770240399
AEHUG4KT7XXVNRIUYLKMVM576CXQ,B0BC3MQD29,3.0,1692582159574
AEI2YKMKOLZGIVWYYT7WGWM7EZRA,B000X1YING,5.0,1438342136000
AEI2YKMKOLZGIVWYYT7WGWM7EZRA,B00NFX6FJO,5.0,1441648403000
AEI2YKMKOLZGIVWYYT7WGWM7EZRA,B013GOZAGU,5.0,1441151572000
AEI72R5ZXP3HWW7BKSCMQW73A3GQ,B00NB96EI4,5.0,1471458877000
AEI72R5ZXP3HWW7BKSCMQW73A3GQ,B0150VWF5G,2.0,1471458794000
AEI72R5ZXP3HWW7BKSCMQW73A3GQ,B01LYJX8SH,5.0,1572311681869
AEIAN2ADF7B66KUZWHIY3ZMOSEJA,B0BN113VWD,4.0,1646981872314
AEIAN2ADF7B66KUZWHIY3ZMOSEJA,B0BN12F234,4.0,1677969985368
AEIDCQNR5Q3FT6D5X67DP6V5PJXA,B099TPM7BN,5.0,1630997257736
AEIE5BCI73QSMI72BWVOC7QNV3OQ,B08K2RNJBJ,5.0,1583156808762
AEIJD2BNANEBFZTCKSKFP4KCZ2VQ,B07JFLM3DV,3.0,1567446408831
AEIOFJ7NJD76HBIP7NVPEZKTZ4JQ,B00J2D80W6,5.0,1426479456000
AEIOFJ7NJD76HBIP7NVPEZKTZ4JQ,B00KCTER3U,5.0,1425027314000
AEIOFJ7NJD76HBIP7NVPEZKTZ4JQ,B00OS9YWJY,5.0,1432503895000
AEIWACNWYABHIVSVKX4ZGO2YKUBQ,B010U82WRU,5.0,1494355535000
AEIY34D6GHL47CSXOINXLX437PTA,B00ZOTMCM6,4.0,1533604277558
AEIY34D6GHL47CSXOINXLX437PTA,B0753JC12P,4.0,1534812501751
AEIY34D6GHL47CSXOINXLX437PTA,B07CQ4GN39,3.0,1541863632151
AEJ2R5TNOAQZ254BCMS2B76KFBJQ,B000FEIOHW,5.0,1361292069000
AEJ2R5TNOAQZ254BCMS2B76KFBJQ,B000G8LWZI,4.0,1408411433000
AEJ2R5TNOAQZ254BCMS2B76KFBJQ,B019OAIT22,1.0,1561744378248
AEK25N4DPXTATDEIJ2WYLZFMYNUA,B09CYPJHZ5,5.0,1616676026155
AEK43K7CMVE2I7G6X5SFBVPHUMMA,B000REIM1S,5.0,1534253534245
AEK43K7CMVE2I7G6X5SFBVPHUMMA,B07WJHWDSD,4.0,1607745169293
AEKJLDUO5JHF52J3MG5LWJEW6HZQ,B00JWWTIIM,5.0,1435040992000
AEKOM7FZAOMWB3SHBHNLJJWTLURA,B01I5MFUZ4,5.0,1483826936000
AEKPEXNG2N2HQ7SHRCVDZPOLN7EA,B00Z5VI9MK,5.0,1658191789702
AEKPEXNG2N2HQ7SHRCVDZPOLN7EA,B019GBG0IE,5.0,1629543590071
AEKPEXNG2N2HQ7SHRCVDZPOLN7EA,B0BNWSR278,5.0,1646702876610
AEKSCQE6KF6BZY4C7QZMYZZISALA,B000MT1GHA,4.0,1427925912000
AEKTADGXNY3E74ADA6IYEN3UNGFA,B07GZ9H8MM,1.0,1620081002181
AEKVBGFD6LE3Q63LGW5HLMQ7LUJA,B00VKOHS2I,5.0,1472157509000
AEKVBGFD6LE3Q63LGW5HLMQ7LUJA,B0186AH6VG,5.0,1473217511000
AEKVBGFD6LE3Q63LGW5HLMQ7LUJA,B01AKTK50U,5.0,1472829971000
AEKVQLLSQUCHJP2RHUJQEJRYWHLA,B0011DL8T2,5.0,1465913795000
AEKVQLLSQUCHJP2RHUJQEJRYWHLA,B00Q5V41NK,5.0,1476766472000
AEKVQLLSQUCHJP2RHUJQEJRYWHLA,B01HIIT4TE,4.0,1476000373000
AEKWD5653VPVL7PHTDABCF5V7JCQ,B00KECQ8BY,5.0,1418366855000
AEKWD5653VPVL7PHTDABCF5V7JCQ,B00NT0AR7E,5.0,1429925492000
AEKWD5653VPVL7PHTDABCF5V7JCQ,B00PKIE760,5.0,1421389993000
AEKWD5653VPVL7PHTDABCF5V7JCQ,B014DH4FTC,5.0,1456791554000
AEKYDECUFBMG4D2PQGWPPOGJY72Q,B09DXK7BB3,5.0,1613068561107
AEL2OXMGJQC5DDD2WJVMMGLP7GDQ,B01HOWE386,5.0,1514143025597
AEL2OXMGJQC5DDD2WJVMMGLP7GDQ,B01M1OFZOG,5.0,1486519646000
AEL2OXMGJQC5DDD2WJVMMGLP7GDQ,B0722HKRHH,2.0,1522861432574
AEL4XT2C7SXPRDAQQH4QPLGKB5BA,B099RQHLT7,3.0,1622484493725
AEL76242BJ5ECUL6YV5DXHSJLDNA,B0811S3MZ2,3.0,1633439043541
AELGH5Q3W53AUKAJFQTKWFP2G2FQ,B00OS9YWJY,5.0,1449114785000
AELGH5Q3W53AUKAJFQTKWFP2G2FQ,B00PKIE760,5.0,1448594598000
AELGH5Q3W53AUKAJFQTKWFP2G2FQ,B00VXEQ0WO,5.0,1450821109000
AELGH5Q3W53AUKAJFQTKWFP2G2FQ,B00XDB3QTA,5.0,1450975589000
AELGH5Q3W53AUKAJFQTKWFP2G2FQ,B011JG1K3E,5.0,1449423656000
AELGH5Q3W53AUKAJFQTKWFP2G2FQ,B012Q9NGE4,5.0,1453851409000
AELGH5Q3W53AUKAJFQTKWFP2G2FQ,B015TJJYXU,5.0,1451791188000
AELGH5Q3W53AUKAJFQTKWFP2G2FQ,B0190JGPZA,5.0,1460166088000
AELGH5Q3W53AUKAJFQTKWFP2G2FQ,B019FT4Q06,4.0,1451792087000
AELGH5Q3W53AUKAJFQTKWFP2G2FQ,B01DGWYQCG,5.0,1467493879000
AELGH5Q3W53AUKAJFQTKWFP2G2FQ,B01HIIT4TE,5.0,1477562954000
AELJJM73WUE7RLXNPTRVALJ3SV7Q,B00GX1RFEY,5.0,1476798680000
AELJJM73WUE7RLXNPTRVALJ3SV7Q,B00X6QE9MK,5.0,1474157231000
AELJJM73WUE7RLXNPTRVALJ3SV7Q,B06XJR3BBX,5.0,1664715079450
AELO4NZR22RMZXGCWUMMUQ3UBCRA,B00KCTER3U,5.0,1410983649000
AELO4NZR22RMZXGCWUMMUQ3UBCRA,B00MFWM1YO,5.0,1412380797000
AELO4NZR22RMZXGCWUMMUQ3UBCRA,B00UB7ANHC,5.0,1448842075000
AEM7EJAYZXFKI3EHNKRUNCJEAQLA,B01CDEJ1H8,5.0,1462223531000
AEM7EJAYZXFKI3EHNKRUNCJEAQLA,B01CUPHRQM,5.0,1465320199000
AEM7EJAYZXFKI3EHNKRUNCJEAQLA,B01CVQALFE,5.0,1465319827000
AEMCXD52ZPO44SVYZ5F2GEMUFR6A,B0095XAX00,5.0,1464978836000
AEMCXD52ZPO44SVYZ5F2GEMUFR6A,B00U4O3YHI,5.0,1496940638000
AEMCXD52ZPO44SVYZ5F2GEMUFR6A,B0150VWF5G,4.0,1473817268000
AEMHYIBC67X6IJLRVSANBGC4O4FQ,B08NF1BTHM,5.0,1632954365458
AEMP3A7IKW37CMWFXNKXWW6HGJHA_1,B01IMEH6GG,5.0,1565457444437
AEMP3A7IKW37CMWFXNKXWW6HGJHA_1,B087G54FLM,3.0,1597577229511
AEMP3A7IKW37CMWFXNKXWW6HGJHA_1,B088LPYXNQ,5.0,1601256127782
AEMP3A7IKW37CMWFXNKXWW6HGJHA_1,B08M256NMN,3.0,1620620218093
AEMP3A7IKW37CMWFXNKXWW6HGJHA_1,B08MPK4JRB,4.0,1608823986030
AEMP3A7IKW37CMWFXNKXWW6HGJHA_1,B0B9C3C8SS,4.0,1670168906144
AEMQLXG7PFVY6A5ANUYYBKONNLVQ,B006GESCPY,1.0,1502448626987
AEN2DFACT5PWSGNZO2CQMOCXTZ6Q,B079568S2R,2.0,1524656540816
AEN2YZUCNFWBDA3HQHYYSZD43LAQ,B06WWL6NLH,3.0,1599593384087
AEN2YZUCNFWBDA3HQHYYSZD43LAQ,B098JPD7K8,5.0,1616568718438
AEN2YZUCNFWBDA3HQHYYSZD43LAQ,B0C9CWKY9G,5.0,1629517545434
AENDAUA5XTFGJJAUCCYU622M4LUA,B0756CF51C,5.0,1546785422314
AENYJ7UPAHI23ZMDBYUMPIYGOAGA,B000FEGUIM,4.0,1314495957000
AENZXPU5JI76WJRIRGNAWXBQYGZA,B07RHL64VV,5.0,1578872373524
AENZXPU5JI76WJRIRGNAWXBQYGZA,B081G86V1K,5.0,1603105204987
AEOBB7VMAUNZ6ETYINJLQ222ED4Q,B00YI9XO8Y,5.0,1455594188000
AEOBB7VMAUNZ6ETYINJLQ222ED4Q,B012Q9NGE4,5.0,1454437936000
AEOBB7VMAUNZ6ETYINJLQ222ED4Q,B01557EHW4,5.0,1453423677000
AEOBB7VMAUNZ6ETYINJLQ222ED4Q,B01DGWYQCG,1.0,1461635622000
AEOJF4W4GF7UGN4TKE5ONG54YYAQ,B0B68NKTC4,5.0,1572734599470
AEOK4TQIKGO23SJKZ6PW4FETNNDA_1,B087BC7GPT,4.0,1593813249404
AEOK4TQIKGO23SJKZ6PW4FETNNDA_1,B08HZ5Y8RY,5.0,1607356658961
AEOK4TQIKGO23SJKZ6PW4FETNNDA_1,B08NC4378M,5.0,1617377371175
AEOK4TQIKGO23SJKZ6PW4FETNNDA_1,B0914JBBTV,5.0,1588793012098
AEP5ECSVNE6M72FJQGRINREJMKXQ,B00XYLQU92,5.0,1508549561723
AEP5ECSVNE6M72FJQGRINREJMKXQ,B00XYM5Q2I,5.0,1495430939000
AEP5ECSVNE6M72FJQGRINREJMKXQ,B00XYMCEYG,5.0,1644158342802
AEPHDQIRYTA3WF7OANEKXID5S6VQ,B01CDEJ1H8,5.0,1460732706000
AEPOSIY3ZP27CNOLWOCPAE2ECIQA,B07PLFY2DL,5.0,1567445560089
AEPOSIY3ZP27CNOLWOCPAE2ECIQA,B07Q3TV77S,5.0,1567445492713
AEPOSIY3ZP27CNOLWOCPAE2ECIQA,B07Q7FXWCY,5.0,1567445605065
AEPOSIY3ZP27CNOLWOCPAE2ECIQA,B087P5DN6R,5.0,1590722766906
AEPP4WZJFQZTFIBLIJ3NC5GN3DGQ,B0753JSKQZ,5.0,1565121543534
AEPZDLYJ7DEFGFFBIXY6YWPZKY2A,B07FFG6TGS,5.0,1564714445911
AEQ7ROSTFI2X7WE73N2ZJY6ENI7A,B0182PKATA,5.0,1466003791000
AEQ7ROSTFI2X7WE73N2ZJY6ENI7A,B01F97QDW2,5.0,1464710041000
AEQ7ROSTFI2X7WE73N2ZJY6ENI7A,B01GOWKAD4,5.0,1469566286000
AEQJTHIVQXJ6S3RF5XLAIDS5ZXLA,B08GYMYS2S,5.0,1607035285358
AEQNDBJ3OOX7N2DN7W5XD4MBKYDQ,B00J2D80W6,5.0,1429172823000
AEQNDBJ3OOX7N2DN7W5XD4MBKYDQ,B00KVO2JWC,5.0,1404939430000
AEQNDBJ3OOX7N2DN7W5XD4MBKYDQ,B00L4HJX7O,5.0,1441421150000
AEQNDBJ3OOX7N2DN7W5XD4MBKYDQ,B00X6QE9MK,5.0,1440116124000
AEQQMJYHGSQUYQLEOJL64NWXDHPA,B01GS7QKQQ,5.0,1496007990000
AEQQMJYHGSQUYQLEOJL64NWXDHPA,B06Y16ZN4D,5.0,1499545424678
AEQQMJYHGSQUYQLEOJL64NWXDHPA,B079NV9PBG,5.0,1532534546531
AER75J766Y63JH2CYYRZMDIU2R6A,B00JNI1DZQ,5.0,1409274896000
AER75J766Y63JH2CYYRZMDIU2R6A,B00KECQ8BY,5.0,1417314100000
AER75J766Y63JH2CYYRZMDIU2R6A,B014DH4FTC,5.0,1450387520000
AERAKB57ERZKNGMWBMDTGUAJD2UQ,B008II7CS4,5.0,1529869818137
AERAKB57ERZKNGMWBMDTGUAJD2UQ,B018681Q64,5.0,1651003712244
AERJIYTW5F4OR4564YYLFZ65E3IA,B07ZJKVVLW,5.0,1590108247905
AERKYVFT2KPUTSXUFDIB2KH4Z5FQ,B0756CF51C,1.0,1610426502935
AERL7OIMUH7HUWWOE4JY2D6G7PEA,B002KC6YG0,5.0,1498674355740
AERL7OIMUH7HUWWOE4JY2D6G7PEA,B013QBNX58,5.0,1503619820835
AERL7OIMUH7HUWWOE4JY2D6G7PEA,B085BB7B1M,5.0,1503619391841
AERMC4LVMTQHFFIOCCMISKOF7L2A,B00VXEQ0WO,5.0,1453959869000
AERMC4LVMTQHFFIOCCMISKOF7L2A,B011JG1K3E,5.0,1444547438000
AERMC4LVMTQHFFIOCCMISKOF7L2A,B013HR1A92,5.0,1445559137000
AERMQSKNYJRL4THCVKFFEJBP74NQ,B085DP826T,5.0,1596236468177
AES3YWD3ONJOUDRWFIV2ZO44QDAQ,B01NB1ZBA1,5.0,1511584343399
AES3YWD3ONJOUDRWFIV2ZO44QDAQ,B07KDYT8XY,4.0,1583280824248
AES3YWD3ONJOUDRWFIV2ZO44QDAQ,B087G54FLM,4.0,1598739212520
AES3YWD3ONJOUDRWFIV2ZO44QDAQ,B08HGZXLP6,4.0,1611654159665
AES4O6Y2WJBXCYDA4REGAZ3I7OPA,B08QYNB38L,5.0,1614629492980
AES6YE6CLI2CCQ24MBLRRF2RXEVQ,B00SGCP90A,5.0,1596395364733
AES6YE6CLI2CCQ24MBLRRF2RXEVQ,B00T5GD1TC,5.0,1396320979000
AES6YE6CLI2CCQ24MBLRRF2RXEVQ,B01M2BWVTI,5.0,1558567432146
AESFPRNBJNDIJKR4J3P3J3UMIXYA,B01F7WA2X0,5.0,1472907516000
AESFPRNBJNDIJKR4J3P3J3UMIXYA,B01HIW5BG0,5.0,1472300544000
AESFPRNBJNDIJKR4J3P3J3UMIXYA,B01LCXJG26,5.0,1478355862000
AESGMO3NEHWADGMEMZUWF55TG5AA,B00YZ0XOWC,5.0,1457733375000
AESX35Y6N6IWMZFQ4JIMAP72HDMA,B00T4JR96Q,5.0,1467432963000
AESX35Y6N6IWMZFQ4JIMAP72HDMA,B07JJSKZVK,1.0,1562711258239
AESX35Y6N6IWMZFQ4JIMAP72HDMA,B08QMK58J6,1.0,1640353425251
AESYGS4O3ND5VU422JHY427GOS4A,B01BJCLNIA,5.0,1493318491000
AESYGS4O3ND5VU422JHY427GOS4A,B09W66MSPX,5.0,1625538764166
AESYGS4O3ND5VU422JHY427GOS4A,B0BFGRJV4H,5.0,1597451900084
AETB52TRZFIDL7X4JODGJA5OOGMA,B00Z5VI9MK,5.0,1504535767485
AETB52TRZFIDL7X4JODGJA5OOGMA,B0BNWSR278,5.0,1505340154039
AETIDO7V4FYUHKQ2OEYHJ5KKHX2A,B0006B0W42,5.0,1464643757000
AETIDO7V4FYUHKQ2OEYHJ5KKHX2A,B01AKTK50U,2.0,1476723051000
AETIDO7V4FYUHKQ2OEYHJ5KKHX2A,B01M9IMSPO,5.0,1491169069000
AETIWU6EPGFKEXIXOP5TBLXNU6WQ,B082245PK2,4.0,1607662770799
AETJMZFNYB2QYR5XJIHPP7Y2LF4A,B004H5D40W,4.0,1538519544858
AETJVGYAL3LMJTJEGVZXUKF7OVHQ,B00VXEQ0WO,5.0,1473197449000
AETJVGYAL3LMJTJEGVZXUKF7OVHQ,B01BU6UAWA,5.0,1472305914000
AETJVGYAL3LMJTJEGVZXUKF7OVHQ,B01GLTUKKS,3.0,1476567725000
AETJVGYAL3LMJTJEGVZXUKF7OVHQ,B01HIW5BG0,5.0,1473197171000
AETJZOMNUTUUIIKOC7GMZJJELI4A,B00B1O8AYC,5.0,1380209982000
AETJZOMNUTUUIIKOC7GMZJJELI4A,B01DD1NOZU,4.5,1470878439000
AETLVKFZTJVYNPYUQURUSHE7RABA,B019GM3N5Q,5.0,1480858978000
AETU2PTA66SMBRW4DFFSDEK2ROQQ,B01N4885PD,5.0,1563930579597
AETZZCRVE7CRTV6GRYRUUNC46QZA,B000GBICYE,5.0,1254331424000
AETZZCRVE7CRTV6GRYRUUNC46QZA,B00U2VQZC4,5.0,1442058870000
AETZZCRVE7CRTV6GRYRUUNC46QZA,B01N070HWY,5.0,1652751923194
AEUAAWQQDMBLKUWVNKORI3SR77LA,B08GYMYS2S,5.0,1610541021506
AEUAHYLD4WPF4WUVRILD5UIVKZSQ,B008J1H6TK,1.0,1446143224000
AEUGJYEFZMORGF2H3UX2RZB56UWQ,B00KGKQR2Y,5.0,1428977296000
AEUGJYEFZMORGF2H3UX2RZB56UWQ,B00S5LB08W,5.0,1425494571000
AEUGJYEFZMORGF2H3UX2RZB56UWQ,B00VKOHS2I,5.0,1434565600000
AEUGNUJOAKJNWDHART2SX6VBTJ6A,B07PX9J8YJ,1.0,1608735792373
AEUH5U6JOAJDFWAG3FRMW5T5722A,B011EXDBAM,5.0,1444137071000
AEUH5U6JOAJDFWAG3FRMW5T5722A,B01CDEJ1H8,5.0,1461936006000
AEUH5U6JOAJDFWAG3FRMW5T5722A,B01CUPHRQM,5.0,1477748651000
AEUTGZSKQG3ZNJM2F4ISO4MA75BQ,B005BZQHEC,5.0,1460756565000
AEUTGZSKQG3ZNJM2F4ISO4MA75BQ,B00NV6A3P2,4.0,1437718552000
AEUTGZSKQG3ZNJM2F4ISO4MA75BQ,B00RYGTT2S,1.0,1460756705000
AEUXBPODDPUVKC2I6QGQOGGLYSAA,B00DT4757A,5.0,1426816732000
AEUXBPODDPUVKC2I6QGQOGGLYSAA,B00OXDWFG2,5.0,1425392645000
AEUXBPODDPUVKC2I6QGQOGGLYSAA,B00PKIE760,3.0,1441028103000
AEUXBPODDPUVKC2I6QGQOGGLYSAA,B00S5LB08W,3.0,1425160226000
AEUYF3FIVDUZ6DRW35IQEILRJ7OA,B095XFSK8W,5.0,1662564134787
AEVF2Z7XKCVKL2GDWWCO4AKH7W7A,B0765BXL28,5.0,1553724759765
AEVF2Z7XKCVKL2GDWWCO4AKH7W7A,B07GRD8MMJ,5.0,1556912054392
AEVF2Z7XKCVKL2GDWWCO4AKH7W7A,B07LFV749P,5.0,1550456593167
AEVKSDMBQ23DVB4JRR5Q4ZPUPASQ,B01GS7QKQQ,4.0,1490923796000
AEVKSDMBQ23DVB4JRR5Q4ZPUPASQ,B01GSKXBAQ,3.0,1481928074000
AEVKSDMBQ23DVB4JRR5Q4ZPUPASQ,B01I2MU2JQ,5.0,1475691532000
AEVSPRK3MJP55TOZFI6J6WMOVZUQ,B08L5KN7X4,5.0,1648932921744
AEVVEYZF4MQDPC2BY2HBBNGZRYHA,B010SZWNP6,5.0,1441832971000
AEVVEYZF4MQDPC2BY2HBBNGZRYHA,B012Q9NGE4,5.0,1451884039000
AEVVEYZF4MQDPC2BY2HBBNGZRYHA,B0189OQF8Y,5.0,1450922758000
AEVX6Z3O433QLD5NR45RDR3XRR7Q,B01AR19RZU,5.0,1606251716979
AEVX6Z3O433QLD5NR45RDR3XRR7Q,B01N7ODHA0,1.0,1491933739000
AEVX6Z3O433QLD5NR45RDR3XRR7Q,B0BC3MQD29,5.0,1530814997720
AEW4WCHFXMHJB67FWQCVMQKIICEA,B0BTLTVR1X,5.0,1651603175779
AEW7SGZCU5XUQQVPRXKRDZ4K73KQ,B00O3ILA5Y,5.0,1458765710000
AEW7SGZCU5XUQQVPRXKRDZ4K73KQ,B01AKTK50U,5.0,1459187530000
AEW7SGZCU5XUQQVPRXKRDZ4K73KQ,B01AYTGWA8,5.0,1460374914000
AEWCNKBXL7D3XPDGIDWTB6OVERUA,B06XZJTCYW,1.0,1582166653030
AEWMWZETDXTEYQ5KHZS2RT3PP6GA,B00NT0AR7E,5.0,1429839642000
AEWMWZETDXTEYQ5KHZS2RT3PP6GA,B0107QYW14,3.0,1466124982000
AEWMWZETDXTEYQ5KHZS2RT3PP6GA,B01HIW5BG0,5.0,1475093183000
AEWRACHHJCBMXV3ZBZYQ5SLT6JIQ,B00DT4757A,3.0,1429218146000
AEWRACHHJCBMXV3ZBZYQ5SLT6JIQ,B00KCTER3U,3.0,1442710075000
AEWRACHHJCBMXV3ZBZYQ5SLT6JIQ,B01GS8J18E,4.0,1490061384000
AEWSBI63F74S3HF67N6BUCRNLAWQ,B00DT4757A,5.0,1444921336000
AEWSBI63F74S3HF67N6BUCRNLAWQ,B00K58HQRM,5.0,1425542014000
AEWSBI63F74S3HF67N6BUCRNLAWQ,B00KCTER3U,5.0,1425542075000
AEWSBI63F74S3HF67N6BUCRNLAWQ,B015TJJYXU,5.0,1451181382000
AEWVH3REI6XMRLHQDHBLWJYI5KWA,B079YGNFRV,5.0,1551834127817
AEWW2AA7YQHCUPFGOG66DWBIVZMA,B08L3QKHRJ,5.0,1557366177290
AEX6F3NHCLMPXTPAS2CVOUQMOEUA,B08PLFZB89,4.0,1617839484371
AEX6F3NHCLMPXTPAS2CVOUQMOEUA,B0914JBBTV,4.0,1585958055680
AEX7GL36YQB4OG5UHXEAK7O5FAQQ,B08F4Q8ZBR,1.0,1607979357647
AEXQGA66SWN7MXSXFNZG76IN2YRQ,B07MBHXMPL,1.0,1648215891029
AEXWVT3G5E35KCTRJJXRKPNOPRHA,B07MHLZ3ZH,2.0,1586151364023
AEYKTZXAWOPJG5MGGMKBLRJR6Q3A_2,B07W7H1PKK,5.0,1591412650747
AEYKTZXAWOPJG5MGGMKBLRJR6Q3A_2,B084Z5WGKD,4.0,1587862253130
AEYKTZXAWOPJG5MGGMKBLRJR6Q3A_2,B08P46JDHJ,5.0,1611807056139
AEYQB25ARUAYSDDJVVQ63QWZUQSQ,B08MF3W9DZ,5.0,1633983236590
AEYSFDPY6XL53FOCCPXBQB7HL46A,B01KIMMY6C,4.0,1485530333000
AEYSFDPY6XL53FOCCPXBQB7HL46A,B01LCXJG26,4.0,1480097347000
AEYSFDPY6XL53FOCCPXBQB7HL46A,B01MXLP1T1,5.0,1502063642178
AEZ5Q73ZUC7BFQTVSVAAHVJVIALQ,B07HXWG5SP,5.0,1553334446601
AEZEHZT465PHVEBETYAR2H5JPGPA,B012Q9NGE4,5.0,1455687658000
AEZEHZT465PHVEBETYAR2H5JPGPA,B014DH4FTC,3.0,1455687415000
AEZEHZT465PHVEBETYAR2H5JPGPA,B01AYTGWA8,2.0,1459708532000
AEZW4OPQRGQUAVZFPNTCG57MR7AA,B01DUYNJL4,1.0,1537976722854
AF23CFUPTYRIENZ2HTI5LBZ7QAJQ,B00MQ6BE92,5.0,1457594501000
AF23CFUPTYRIENZ2HTI5LBZ7QAJQ,B012Q9NGE4,2.0,1457807878000
AF23CFUPTYRIENZ2HTI5LBZ7QAJQ,B014DH4FTC,5.0,1450113082000
AF23CFUPTYRIENZ2HTI5LBZ7QAJQ,B075GK4249,4.0,1508812243699
AF2574TMWSMJGP72C3RTXZHB5N3A,B00OS9YWJY,5.0,1440348268000
AF2574TMWSMJGP72C3RTXZHB5N3A,B010SZWNP6,5.0,1443705939000
AF2574TMWSMJGP72C3RTXZHB5N3A,B013L9TX22,5.0,1443706007000
AF2BLE54TEMGZ546U763ZHZRXC4A,B0002M5JNY,5.0,1561140836683
AF2BLE54TEMGZ546U763ZHZRXC4A,B07X4J45PS,5.0,1568909474636
AF2BLE54TEMGZ546U763ZHZRXC4A,B08L3J4FB9,5.0,1608561747997
AF2BLE54TEMGZ546U763ZHZRXC4A,B08MRRNL18,5.0,1615396787027
AF2BLE54TEMGZ546U763ZHZRXC4A,B09GNXK3N1,5.0,1625843890463
AF2EIFRYXDZPHXE6JGZPZBZUGNTA,B01LBESKBO,4.0,1568336496236
AF2EYLMZEE434QXPBC6FWOS4YWYQ,B00JNI1DZQ,5.0,1420455436000
AF2EYLMZEE434QXPBC6FWOS4YWYQ,B00KCTER3U,2.0,1420463913000
AF2EYLMZEE434QXPBC6FWOS4YWYQ,B00Q0OZWSU,5.0,1420665262000
AF2O25XBQLF2KCOTX436DICQNFGA,B00L4HJX7O,5.0,1413352668000
AF2O25XBQLF2KCOTX436DICQNFGA,B011JG1K3E,5.0,1459185501000
AF2O25XBQLF2KCOTX436DICQNFGA,B015WVW8EW,5.0,1459183218000
AF2R3WB7AVPU24JEYIZOSMYFOVQA,B00FNTAR3I,3.0,1448727603000
AF2YKZQRMRGJ655I3MKQUYFGRQGA,B089RLLT5C,4.0,1600083356530
AF2YKZQRMRGJ655I3MKQUYFGRQGA,B08HZ5Y8RY,3.0,1610035062636
AF2YKZQRMRGJ655I3MKQUYFGRQGA,B08PLFZB89,4.0,1627562626680
AF2YKZQRMRGJ655I3MKQUYFGRQGA,B095KFXNV7,5.0,1635521105512
AF2YKZQRMRGJ655I3MKQUYFGRQGA,B0BTJ6SYKB,3.0,1598961115654
AF2ZLQM7QGFNPKN6SZNH5SK37TJQ,B00CLXXXH6,5.0,1566766174160
AF3475X5E7AUG6CRK3AZLDRFJQ3A,B084SKBX3M,5.0,1612575144311
AF3475X5E7AUG6CRK3AZLDRFJQ3A,B089RLLT5C,5.0,1619850031500
AF3475X5E7AUG6CRK3AZLDRFJQ3A,B09DXK7BB3,5.0,1632688193992
AF3FPGXO4PJPXMTMRZ5PNS455LDQ,B07VHYJN9S,1.0,1599516242922
AF3GM772DIBQTKGYGIFKX2QLKU7Q,B00U2VQZC4,4.0,1575579596929
AF3GM772DIBQTKGYGIFKX2QLKU7Q,B01NAYZICQ,1.0,1532103660356
AF3GM772DIBQTKGYGIFKX2QLKU7Q,B078R1YZ3P,4.0,1550602124050
AF3TC4CU7SZPA6YQAG3L4GXPO76Q,B00CQ16CT4,2.0,1488038943000
AF3TC4CU7SZPA6YQAG3L4GXPO76Q,B00H1M8R3C,5.0,1486569971000
AF3TC4CU7SZPA6YQAG3L4GXPO76Q,B01GX3DTFU,5.0,1488500425000
AF3TC4CU7SZPA6YQAG3L4GXPO76Q,B01J9A0LE6,5.0,1508087607903
AF3YPAD5HYD5SY5AQ66LROSOHJ3Q,B00PM5QEX0,5.0,1527453496815
AF3YPAD5HYD5SY5AQ66LROSOHJ3Q,B076JLNGS5,2.0,1541261760050
AF3YPAD5HYD5SY5AQ66LROSOHJ3Q,B07TLMZL3T,5.0,1570639764071
AF3Z3Q624EHKZRR3OTEGMBDPDAJQ,B09C2ZW2GL,5.0,1483343125000
AF4GY7V2DA74RCCMUD2O6KF7BM5A,B00UJ90JXA,4.0,1561385288628
AF4GY7V2DA74RCCMUD2O6KF7BM5A,B09C2ZW2GL,4.5,1548700662172
AF4T3AQXLGSWBXPJV3RI2DBPEYUA,B089NJG212,4.0,1608131151967
AF4T3AQXLGSWBXPJV3RI2DBPEYUA,B08HGZXLP6,5.0,1612575798318
AF56BRQIJ7KWLODYWZVLG3HPQH4A,B011KJ084M,5.0,1463053355000
AF56BRQIJ7KWLODYWZVLG3HPQH4A,B07WMNY8FQ,5.0,1604607544260
AF56BRQIJ7KWLODYWZVLG3HPQH4A,B0BM4GX6TT,5.0,1552336346378
AF5BTGWMJJAG7FBWUSG4FPU2T44A,B01GS8J18E,5.0,1490293445000
AF5BTGWMJJAG7FBWUSG4FPU2T44A,B01LWUFWX5,5.0,1489877876000
AF5BTGWMJJAG7FBWUSG4FPU2T44A,B071P6V9JQ,5.0,1499131778779
AF5CU4Y5DNVN7IRL6BGPTELXVO5Q,B0019WZHXI,3.0,1616531061729
AF5IHYFFANVZEJFCQQ5OPDNVUHIA,B015WVW8EW,4.0,1462294620000
AF5IHYFFANVZEJFCQQ5OPDNVUHIA,B075MTGSSM,5.0,1510704052853
AF5IHYFFANVZEJFCQQ5OPDNVUHIA,B09Q3X5YWR,5.0,1499732847630
AF65CA4WVYV6HQI7WQOGR757JHRA,B00F6IFLA0,5.0,1436484527000
AF6C4YPHYW6P6RBX6ETOXI6AO3QQ,B06XD9QCPV,5.0,1562810338396
AF6C4YPHYW6P6RBX6ETOXI6AO3QQ,B073FF88W4,3.0,1514320987781
AF6MUDR3O3SQZMH5Z5Q3SANDWHRQ,B008C2QYPI,2.0,1530203885225
AF6MUDR3O3SQZMH5Z5Q3SANDWHRQ,B012V77VHE,5.0,1508176372495
AF6MUDR3O3SQZMH5Z5Q3SANDWHRQ,B0B68NKTC4,4.0,1555888877547
AF6YEOE6SRB67T4OJT2M3NS6APZQ,B005FMUBLG,5.0,1374100913000
AF762K4SFFFOXPURGPR3GU72DKNQ,B00J2D80W6,5.0,1426525224000
AF762K4SFFFOXPURGPR3GU72DKNQ,B00NK65R5O,5.0,1429928822000
AF762K4SFFFOXPURGPR3GU72DKNQ,B00PQRMIRA,5.0,1427203046000
AF7JTJVJ7R65W573RLKATHRSANBQ,B075G16VVK,3.0,1567954573657
AF7JTJVJ7R65W573RLKATHRSANBQ,B07L1XW8W3,5.0,1567954814474
AF7JTJVJ7R65W573RLKATHRSANBQ,B08B4RN9WN,5.0,1601603434183
AF7R2ZFZ65KMPMZWIR3QPH7GJ2GQ,B000GBICYE,5.0,1255789019000
AF7R2ZFZ65KMPMZWIR3QPH7GJ2GQ,B079NV9PBG,3.0,1524504773891
AF7R2ZFZ65KMPMZWIR3QPH7GJ2GQ,B08RY6S25W,1.0,1628271002858
AF7UXRQ6VLFJ3MFLZQYVNUNBI7OQ,B01AYTGWA8,5.0,1462073827000
AF7UXRQ6VLFJ3MFLZQYVNUNBI7OQ,B01DGWYQCG,4.0,1462073022000
AF7ZXKOVDCIQDRMKIFFVY3WM4UPA,B000PKMA2G,1.0,1265553409000
AFA676CIMUEWTZ2XBYUQK6ZZVY5A,B0797MXMCP,3.0,1567741329454
AFA676CIMUEWTZ2XBYUQK6ZZVY5A,B07DJ63S55,3.0,1567657180756
AFA676CIMUEWTZ2XBYUQK6ZZVY5A,B07DMD8M5T,5.0,1615997113321
AFAD2CQI2R3WDRGUYWPOKCI4FMOQ,B013LOZ3XU,4.0,1554142265475
AFAD2CQI2R3WDRGUYWPOKCI4FMOQ,B085T35K5K,3.0,1608842343327
AFAD2CQI2R3WDRGUYWPOKCI4FMOQ,B08PF914XC,3.0,1593352579897
AFAREDEEAUE7CAW43HUC4MUQSDXA,B0007D5DS4,5.0,1472592966000
AFAREDEEAUE7CAW43HUC4MUQSDXA,B0186AH6VG,5.0,1483551463000
AFAREDEEAUE7CAW43HUC4MUQSDXA,B01ARHEHMC,4.0,1459979709000
AFARV3HTKQQP3UJA4HND3KSHNDTQ,B004H5D40W,5.0,1648673812642
AFARV3HTKQQP3UJA4HND3KSHNDTQ,B08MMYXYFJ,1.0,1662587227863
AFARV3HTKQQP3UJA4HND3KSHNDTQ,B09XBSDCXP,5.0,1666801222839
AFAUQAPPMGXD5OT4TQ7IUR6E562Q,B00XWNLIWG,5.0,1567823455785
AFAUQAPPMGXD5OT4TQ7IUR6E562Q,B07JFLM3DV,5.0,1567822192008
AFAUQAPPMGXD5OT4TQ7IUR6E562Q,B0BM4GX6TT,5.0,1567823515284
AFB74G7T7I3UVC332XRKHCJ5TFJQ,B00Q5V41NK,5.0,1477161276000
AFB74G7T7I3UVC332XRKHCJ5TFJQ,B01AYTGWA8,3.0,1459178224000
AFB74G7T7I3UVC332XRKHCJ5TFJQ,B01EKSKUL6,5.0,1463105230000
AFBC5LSOIS6W5X5DZ66P2YEYQPAQ,B00KBYQDI8,5.0,1582622692162
AFBC5LSOIS6W5X5DZ66P2YEYQPAQ,B078JFH7QV,5.0,1646046795511
AFBC5LSOIS6W5X5DZ66P2YEYQPAQ,B07ZHP2WJX,4.0,1654909380972
AFBLTTNAFNZCEFDDBHNAJAVPHT4A,B007QG7G3U,5.0,1410339577000
AFBOCEST4IRAQO3SZVXLCGSL2EBQ,B0095XAX00,1.0,1484932369000
AFBOCEST4IRAQO3SZVXLCGSL2EBQ,B014I0FDVI,5.0,1637967377750
AFBOCEST4IRAQO3SZVXLCGSL2EBQ,B074KD4PX2,5.0,1516759137669
AFBTI3MPK3EIHGAW3UWZ6O4XMV7Q,B004H5D40W,5.0,1467982536000
AFCGGXI3DNY2E72UX77UB6MEOWMQ,B012Q9NGE4,5.0,1455066370000
AFCGGXI3DNY2E72UX77UB6MEOWMQ,B013L9TX22,5.0,1452125272000
AFCGGXI3DNY2E72UX77UB6MEOWMQ,B01557EHW4,5.0,1460325040000
AFCGGXI3DNY2E72UX77UB6MEOWMQ,B01AYTGWA8,5.0,1464729436000
AFCQRKGLOSEXIJ3V7KHF4UOSNHIA,B084QB5Q5G,4.0,1612723464843
AFD5EKXP34LHORNQ676TXNKKWNZQ,B00VKOHS2I,5.0,1474913449000
AFD5EKXP34LHORNQ676TXNKKWNZQ,B01FL5VD9U,4.0,1469473105000
AFD5EKXP34LHORNQ676TXNKKWNZQ,B01HIIT4TE,5.0,1481858970000
AFDBNO26R3OTZ46UNLQQ3RUYSAGA,B000XRR7N8,4.0,1411423179000
AFDCRSWD5SXZ7YXKIKZ5LHUUT5NA,B00K58HQRM,5.0,1412546315000
AFDCRSWD5SXZ7YXKIKZ5LHUUT5NA,B00MFWM1YO,5.0,1418370486000
AFDCRSWD5SXZ7YXKIKZ5LHUUT5NA,B00MZT4UEG,5.0,1466740897000
AFDCRSWD5SXZ7YXKIKZ5LHUUT5NA,B00VXEQ0WO,5.0,1440297047000
AFDDXK7W2RYKB3OMZUP6XYRLC4EA,B00OS9YWJY,5.0,1456015054000
AFDDXK7W2RYKB3OMZUP6XYRLC4EA,B00R1TAN7I,1.0,1609543826887
AFDDXK7W2RYKB3OMZUP6XYRLC4EA,B01M1OFZOG,5.0,1551236579023
AFDFPJS4KT2RRRCIJ2272BKKIYZQ,B000067E30,4.0,1427291968000
AFDFPJS4KT2RRRCIJ2272BKKIYZQ,B0105WF7NC,5.0,1546166706200
AFDGCNXPCZHPEVVTHNK5OAWQ5JNQ,B01GS8J18E,3.0,1508962993580
AFDJOXV2NQESGBERJ5WCY77MKWYA,B00XYLQU92,5.0,1577477678642
AFDJOXV2NQESGBERJ5WCY77MKWYA,B00XYM8CH4,5.0,1577477952350
AFDJOXV2NQESGBERJ5WCY77MKWYA,B00XYMCEYG,5.0,1577478128375
AFDJV4EFAEKR2W67I6OE553TVLDA,B01N4885PD,1.0,1503679113286
AFDJV4EFAEKR2W67I6OE553TVLDA,B074J6FFTZ,4.0,1510671186363
AFDJV4EFAEKR2W67I6OE553TVLDA,B078WZGPDB,5.0,1523756986982
AFDOMKOLLKBF4SWKTPC5JFDT4BHA,B00Z5VI9MK,5.0,1529176868887
AFDOMKOLLKBF4SWKTPC5JFDT4BHA,B01F7WA2X0,3.0,1505068430129
AFDOMKOLLKBF4SWKTPC5JFDT4BHA,B0BNWSR278,5.0,1628080672079
AFDWFDBRPBLZTP7AJGTPTOD4QO6Q,B0BV1FPZY6,5.0,1561071962518
AFDZDUIKA54EFX7UOG6M25ZBDZ2Q,B01MDTVZTZ,5.0,1680375608567
AFDZDUIKA54EFX7UOG6M25ZBDZ2Q,B07CZSFHZM,5.0,1680378099168
AFDZDUIKA54EFX7UOG6M25ZBDZ2Q,B0B9C3C8SS,1.0,1680208721004
AFE46MKNSTZ6YMEI2RMB6XPZRLTA,B01LBESKBO,5.0,1481480820000
AFE46MKNSTZ6YMEI2RMB6XPZRLTA,B073FF88W4,5.0,1510180977247
AFE46MKNSTZ6YMEI2RMB6XPZRLTA,B07SQXRRZ3,5.0,1581882001872
AFEAV2H6WZFBFGZYGWCMS4KM7MHQ,B00CQ16CT4,5.0,1453498652000
AFEAV2H6WZFBFGZYGWCMS4KM7MHQ,B00L62HMQG,5.0,1453498666000
AFEAV2H6WZFBFGZYGWCMS4KM7MHQ,B00XP86KXU,5.0,1453498379000
AFEQMQUDCRRXIGC3CEES2AJOLZHQ,B00K5RZIKA,5.0,1412018679000
AFEQMQUDCRRXIGC3CEES2AJOLZHQ,B00KECQ8BY,5.0,1427329059000
AFEQMQUDCRRXIGC3CEES2AJOLZHQ,B00MFWM1YO,5.0,1418775262000
AFEQMQUDCRRXIGC3CEES2AJOLZHQ,B00N996X4G,5.0,1414168132000
AFEQMQUDCRRXIGC3CEES2AJOLZHQ,B00PXYOH9S,5.0,1418313352000
AFEQMQUDCRRXIGC3CEES2AJOLZHQ,B00Q0OZWSU,5.0,1421371116000
AFEWEU7CD3UNCXBDWEW4FLBXPQOA,B01FK1IUIM,4.0,1514641765924
AFEWEU7CD3UNCXBDWEW4FLBXPQOA,B06WWL6NLH,5.0,1524587425620
AFEWEU7CD3UNCXBDWEW4FLBXPQOA,B07R1K1SBD,5.0,1547239735828
AFFCCYNKNUHEVVTVGJWGYIRGKHVQ,B00KS4KYRW,5.0,1546524889106
AFFCCYNKNUHEVVTVGJWGYIRGKHVQ,B07K153R2B,5.0,1550419333575
AFFCCYNKNUHEVVTVGJWGYIRGKHVQ,B07Q82VGTV,3.0,1570469669747
AFFG4ME44XNOWYBOZIMOF253BIQA,B08VF373NX,5.0,1610975169586
AFGS35ICBZZULTFKVGLIJGJJQCZQ,B01GS7QKQQ,4.0,1493081870000
AFGS35ICBZZULTFKVGLIJGJJQCZQ,B01GS8J18E,4.0,1493081692000
AFGS35ICBZZULTFKVGLIJGJJQCZQ,B06Y16ZN4D,4.0,1498014540655
AFH4CL56ZU2KU2K7DICY3F7JPU6Q,B010U82WRU,3.0,1478187969000
AFH4CL56ZU2KU2K7DICY3F7JPU6Q,B01M1OFZOG,5.0,1587853952566
AFH4CL56ZU2KU2K7DICY3F7JPU6Q,B07VBDQY2F,5.0,1583867001429
AFHU2CIEJALE6Q6YOPXPCOA2QUEA,B07Q7FXWCY,4.0,1564862695063
AFHU2CIEJALE6Q6YOPXPCOA2QUEA,B08L5KN7X4,5.0,1640477919910
AFHU2CIEJALE6Q6YOPXPCOA2QUEA,B0B68NKTC4,5.0,1560882720683
AFHXYI2Y5ZTAGDIRS6IHLFPR2SRA,B001LBFC6E,3.0,1536086892399
AFHXYI2Y5ZTAGDIRS6IHLFPR2SRA,B00BMW24TU,4.0,1454010765000
AFHXYI2Y5ZTAGDIRS6IHLFPR2SRA,B00MNAE3KS,5.0,1536363452395
AFHXYI2Y5ZTAGDIRS6IHLFPR2SRA,B00TPDSM4E,3.0,1445433638000
AFI7W6GRCEUZGCNYCDIBIEJEVFUQ,B01I764O64,5.0,1555893890242
AFI7W6GRCEUZGCNYCDIBIEJEVFUQ,B07M6MXTH2,5.0,1621779692994
AFIEORRJAWPI7I7B2FGRPG2H4SLQ,B099RQHLT7,5.0,1641321542782
AFIJCQ2XRF2AT7IRNH77LHFWW34Q,B006GDB518,4.0,1442090344000
AFIJCQ2XRF2AT7IRNH77LHFWW34Q,B00LHZ9BMU,4.0,1414630777000
AFIJCQ2XRF2AT7IRNH77LHFWW34Q,B09RDC6YH2,5.0,1362136092000
AFIO7OW5FFBNHD2JATWAOTZJYSHA,B019GBG0IE,5.0,1515932476433
AFIO7OW5FFBNHD2JATWAOTZJYSHA,B07V2RWFR3,4.0,1622853046368
AFJ47MX53TII522LCYZZPKJ6KOTQ,B071G8TLZM,5.0,1501969740971
AFJ6H5K4LXTZNZDHOW6PNXQZSU3A,B006GDQL44,5.0,1429319216000
AFJ6H5K4LXTZNZDHOW6PNXQZSU3A,B0759PB3RF,3.0,1512276869116
AFJ6H5K4LXTZNZDHOW6PNXQZSU3A,B07DJ63S55,5.0,1563801724262
AFJ6YP2GNHIPRGYKZYHLXPMJ76SQ,B00K58HQRM,5.0,1427338386000
AFJ6YP2GNHIPRGYKZYHLXPMJ76SQ,B012Q9NGE4,5.0,1577476857775
AFJ6YP2GNHIPRGYKZYHLXPMJ76SQ,B071J1PBQ6,5.0,1569850074862
AFJDGHUSBGBC3ENMJXGR4ZZC5EQA,B010B5ZE4U,2.0,1466799321000
AFJDGHUSBGBC3ENMJXGR4ZZC5EQA,B071XX8T2N,4.0,1641702459009
AFJDGHUSBGBC3ENMJXGR4ZZC5EQA,B0B96MFXSJ,4.0,1626315389437
AFJHHFYFHG3DWY3NRYAS7XZQMQVA,B07CVHWC68,2.0,1579624202243
AFJHHFYFHG3DWY3NRYAS7XZQMQVA,B07G7B3F1F,4.0,1579624890797
AFJHHFYFHG3DWY3NRYAS7XZQMQVA,B0891RG1KC,5.0,1643722708447
AFJV5TWIPJGDEJ7XX5H4QY4F3XMA,B00T417IFQ,3.0,1474727740000
AFJV5TWIPJGDEJ7XX5H4QY4F3XMA,B00XP86KXU,3.0,1500339978040
AFJV5TWIPJGDEJ7XX5H4QY4F3XMA,B0107QYW14,3.0,1459953550000
AFJV5TWIPJGDEJ7XX5H4QY4F3XMA,B01M4M0CT7,4.0,1500339862066
AFJZAJGIBQBNZ5IGG3TCSC5MDPPQ,B011EXDBAM,2.0,1473432333000
AFKLCDUQW4K66LBBYO3UB3GWCMLA,B0B7L451Z9,2.0,1646913784473
AFKMF2G5SKJCBEYHUD6R3MW5XAAQ,B00JNI1DZQ,5.0,1443980690000
AFKMF2G5SKJCBEYHUD6R3MW5XAAQ,B00OS9YWJY,5.0,1443295231000
AFKMF2G5SKJCBEYHUD6R3MW5XAAQ,B00PQRMIRA,5.0,1443294007000
AFKMF2G5SKJCBEYHUD6R3MW5XAAQ,B01FL5VD9U,5.0,1465322185000
AFKWXYNUXPGVM46MKHT5XIJ2MHBA,B0090858OG,5.0,1641843112574
AFKZESU3PTCQ2UVDBDSFVFTXBFNQ_1,B07TLMZL3T,4.0,1567196288987
AFKZESU3PTCQ2UVDBDSFVFTXBFNQ_1,B07X4J45PS,5.0,1569027706445
AFKZESU3PTCQ2UVDBDSFVFTXBFNQ_1,B0BTJ6SYKB,5.0,1622936108932
AFKZESU3PTCQ2UVDBDSFVFTXBFNQ_2,B07TLMZL3T,4.0,1567196288987
AFKZESU3PTCQ2UVDBDSFVFTXBFNQ_2,B07X4J45PS,5.0,1569027706445
AFL2WX4AKJNHSIRWN6ED5XB7DKVQ,B01J5ONDPK,5.0,1493820365000
AFL2WX4AKJNHSIRWN6ED5XB7DKVQ,B06VWPZN56,3.0,1568284908507
AFL2WX4AKJNHSIRWN6ED5XB7DKVQ,B06XHJ743Q,5.0,1519402942636
AFL2ZDLKD6WRY5AG35RAWWKQTJFA,B000PKKAGO,4.0,1197136923000
AFL2ZDLKD6WRY5AG35RAWWKQTJFA,B007WFZ0XI,5.0,1395600988000
AFL2ZDLKD6WRY5AG35RAWWKQTJFA,B00CUF29WU,5.0,1392603077000
AFL5KRG3I6SELEDDAUY4BAWQVAKQ,B0796TH5CG,5.0,1622380859935
AFL6N236MXZ5SKESQH5CC66SLJGA,B0797GW888,5.0,1585854641788
AFLGQPDTICEIJGZKILRUOE7ECGYQ,B09KFD6ZMQ,5.0,1643656126851
AFLXHOY4SAANB6Z2TLIFZK2CSJRA,B00K5RZIKA,5.0,1422304919000
AFLXHOY4SAANB6Z2TLIFZK2CSJRA,B00OXDWFG2,5.0,1429302580000
AFLXHOY4SAANB6Z2TLIFZK2CSJRA,B012Q9NGE4,5.0,1460476046000
AFLXIX6P2GCGYQFAKJVOED2BAWYQ,B006GDB518,2.0,1452182274000
AFMDDSBXPY7J3EK65B2262HI7GXA,B08KW15N2L,5.0,1544041842018
AFMEESX3QGXTXFT6IXJNQJEN3CYA,B082QWWXV6,5.0,1616424366122
AFMTH4ZXTVFSJ5VXABUOPZ2Y6THA,B08L5KN7X4,5.0,1621709762228
AFMWR3GG724I46RHWL5DLSB3CFLQ,B09FFQT1KK,5.0,1491665888000
AFMXED5P3QVWVERAJOTJFTW7AZ7A,B0017PN8U6,5.0,1385767576000
AFMXED5P3QVWVERAJOTJFTW7AZ7A,B001LBFC6E,2.0,1465968359000
AFMXED5P3QVWVERAJOTJFTW7AZ7A,B006YUIWKA,4.0,1385767296000
AFNACT4MLU243POBVE666TFVUPGQ,B07TK15BQQ,3.0,1587825898980
AFNACT4MLU243POBVE666TFVUPGQ,B0941YDPSW,4.0,1627495309566
AFNACT4MLU243POBVE666TFVUPGQ,B0BM35X1LF,5.0,1637427899563
AFNUSOCUHIPGXTECVNEDPV32MVKA,B0190JGPZA,5.0,1474246212000
AFNUSOCUHIPGXTECVNEDPV32MVKA,B019BCAMT6,5.0,1473828407000
AFNUSOCUHIPGXTECVNEDPV32MVKA,B01F7WA2X0,5.0,1467518681000
AFNUSOCUHIPGXTECVNEDPV32MVKA,B01I2MU2JQ,5.0,1480874143000
AFNZTWQNJR5ULPBOMJTUPSNOZMFA,B0BM4GX6TT,5.0,1467632107000
AFOE4FAXJL34IWDLMAOGUBWO5A7A,B001V9V71U,5.0,1557197448339
AFOE4FAXJL34IWDLMAOGUBWO5A7A,B01AYTGWA8,5.0,1540423236608
AFOE4FAXJL34IWDLMAOGUBWO5A7A,B06XD9TTK3,3.0,1557198556419
AFOVO5IZGNNEF4X6LFFURMFRHTDQ,B083SCVG16,5.0,1614878047662
AFOWZHOC5L4TX5X3FJFNU5IHMH5A,B01KIMMY6C,5.0,1505000305116
AFOXAJVKFMXXOKCWNHZGFKAJSMNQ,B0097G4QY4,1.0,1392410387000
AFOXAJVKFMXXOKCWNHZGFKAJSMNQ,B07VGB3JZP,5.0,1444538747000
AFOXAJVKFMXXOKCWNHZGFKAJSMNQ,B09B7J4TDS,5.0,1626444076164
AFOYDZTIH27IJJKIXXKAPVRFQ2OQ,B00OS9YWJY,5.0,1465265632000
AFOYDZTIH27IJJKIXXKAPVRFQ2OQ,B013L9TX22,4.0,1464481030000
AFOYDZTIH27IJJKIXXKAPVRFQ2OQ,B0186AH6VG,4.0,1470794328000
AFOYDZTIH27IJJKIXXKAPVRFQ2OQ,B01CUPHRQM,4.0,1465520238000
AFOYDZTIH27IJJKIXXKAPVRFQ2OQ,B01CVQALFE,5.0,1464320427000
AFP4LC3FZ7UTPQ4WGEDEJSJHIUCQ,B07Y6WBGQQ,4.0,1372819838000
AFPEPHWP5DL7BYEYMBHPW5NGC47Q,B083H7G738,5.0,1600999160557
AFPF2CONJ33FNFKOEQ2TUNWQJTFQ,B007WFZ0XI,5.0,1396737905000
AFPF2CONJ33FNFKOEQ2TUNWQJTFQ,B00L4HJX7O,5.0,1415332666000
AFPF2CONJ33FNFKOEQ2TUNWQJTFQ,B07FZ5HZLM,4.0,1556724639735
AFPF2CONJ33FNFKOEQ2TUNWQJTFQ,B07SHHXSPL,5.0,1612392894012
AFPF2CONJ33FNFKOEQ2TUNWQJTFQ,B08MVFKSQ8,5.0,1454306133000
AFPPNF3RSFMMNC5UAM6V4B475MBQ,B08HGZXLP6,5.0,1611261140400
AFPPNF3RSFMMNC5UAM6V4B475MBQ,B08M256NMN,4.0,1615581100917
AFPPNF3RSFMMNC5UAM6V4B475MBQ,B0C5FZDPD3,5.0,1621356187534
AFPVJOZHMRU2A35KWZK62BPMVGCQ,B01I605PHS,4.0,1517271188841
AFPVJOZHMRU2A35KWZK62BPMVGCQ,B071S5GGW2,5.0,1547424484371
AFPVJOZHMRU2A35KWZK62BPMVGCQ,B078Z6MGVW,3.0,1547424080615
AFPW6X33XXATFSPDJEOKEZ4BJKMQ,B01GGEVW14,4.0,1467167557000
AFPW6X33XXATFSPDJEOKEZ4BJKMQ,B01J5ONDPK,4.0,1471718310000
AFQU4Z4A2PXCY5FEXLFGTNG3UCUA,B013HR1A92,5.0,1453921884000
AFQU4Z4A2PXCY5FEXLFGTNG3UCUA,B0732SGQ7M,1.0,1548032670259
AFQU4Z4A2PXCY5FEXLFGTNG3UCUA,B07MX93K3Z,5.0,1552014052040
AFQU63FV7BOHXC6MXUSPMZQSEG2A,B00KUQFY3C,5.0,1419032406000
AFQU63FV7BOHXC6MXUSPMZQSEG2A,B08177224S,5.0,1587916622175
AFQUFQUWTGKN4ZGZAEBG4CI2XTTQ,B011JG1K3E,1.0,1469493631000
AFQUFQUWTGKN4ZGZAEBG4CI2XTTQ,B07WH7675C,2.0,1626792727010
AFQUFQUWTGKN4ZGZAEBG4CI2XTTQ,B07ZJKVVLW,1.0,1613667780987
AFRQX3MJPV3GVQH52IOSS3RJ74JA,B00KCTER3U,5.0,1424649575000
AFRQX3MJPV3GVQH52IOSS3RJ74JA,B00O3ILA5Y,5.0,1426748298000
AFRQX3MJPV3GVQH52IOSS3RJ74JA,B00OS9YWJY,5.0,1425358179000
AFRRH3DGFSZH6DOS3MCNO5AYU2YQ,B09C2ZW2GL,3.6666666666666665,1631018411851
AFRT56RU2FGE4JLJEQQ4V3HRQW7A,B0019WZHXI,1.0,1612143453472
AFS2Y33QRXDE7LZTXEVC6IV3AM2A,B08PF914XC,5.0,1691982136350
AFS37W3ZHLLPYEGY2R6HIT3ZAWAQ,B00J7QCNDU,5.0,1468179478000
AFS37W3ZHLLPYEGY2R6HIT3ZAWAQ,B00O4OTHB6,4.0,1462732087000
AFS37W3ZHLLPYEGY2R6HIT3ZAWAQ,B01LFO6IZK,3.0,1512628663340
AFSPY6UQW5RNE6IAGDAE2I26JZHA,B004Y00WIC,5.0,1494826395000
AFSPY6UQW5RNE6IAGDAE2I26JZHA,B0747S72MB,5.0,1494826996000
AFSPY6UQW5RNE6IAGDAE2I26JZHA,B07KYYLL21,5.0,1578249342409
AFSQ2NWTE43YCYB3HTPDHTLCVA6A,B00CUF29WU,5.0,1411311085000
AFSWHH4BP7SPM6SLSEN3DQEC5N3A,B001B9S416,4.0,1365907810000
AFSWHH4BP7SPM6SLSEN3DQEC5N3A,B001B9VSFK,2.0,1427410729000
AFSWHH4BP7SPM6SLSEN3DQEC5N3A,B004GHIEZQ,5.0,1383703308000
AFTEJHQMOIDP7WMJXQJSN3ZTIJJA,B00DPNKBOE,5.0,1623420042756
AFTEJHQMOIDP7WMJXQJSN3ZTIJJA,B0CDNZ7F2V,5.0,1623420136889
AFTJE3YTVV7YSIV3FG5RO45PWFBQ,B086TYTDG2,4.0,1639428319226
AFTN4LTHP6BWZ2Z3FYIYYVLPYJ7Q,B07J3H27BJ,5.0,1488523336000
AFTOBTA3ZISXSE4DHF3WCHBSVHBA,B00JNI1DZQ,4.0,1432684332000
AFTOBTA3ZISXSE4DHF3WCHBSVHBA,B00VRTPUEY,5.0,1562737264824
AFTOBTA3ZISXSE4DHF3WCHBSVHBA,B076VQL2Y9,5.0,1562737101694
AFTWZPKDKNFPWJYYEVRXUO2CBCVQ,B00MQ6BE92,5.0,1457620685000
AFTWZPKDKNFPWJYYEVRXUO2CBCVQ,B00NT0AR7E,4.0,1449664220000
AFTWZPKDKNFPWJYYEVRXUO2CBCVQ,B00X6P92OG,2.0,1457619364000
AFTYMN4CTCXJZAXS2LQ536FDXUPQ,B0BTLTVR1X,1.0,1689812059094
AFUAGPNPV36B6HBRJA3A76GCFVJA,B00KGKQR2Y,5.0,1431697429000
AFUAGPNPV36B6HBRJA3A76GCFVJA,B00PKIE760,4.0,1431697099000
AFUAGPNPV36B6HBRJA3A76GCFVJA,B00S5LB08W,5.0,1425843608000
AFUBGLVHARGMJ2T77P6FQMY74LLQ,B08WJPNZPQ,3.0,1619291202084
AFUCAPATWGEKWJ2NPVLNXVGRLZJQ,B00MVL4RXC,5.0,1603557053784
AFUCAPATWGEKWJ2NPVLNXVGRLZJQ,B09VZCP3LC,5.0,1648759657909
AFUFK4WAUWCFFFKL6NZLT6SQX2ZA,B00BMW24TU,5.0,1459289484000
AFUFK4WAUWCFFFKL6NZLT6SQX2ZA,B00XDB3QTA,5.0,1459289908000
AFUFK4WAUWCFFFKL6NZLT6SQX2ZA,B012Q9NGE4,4.0,1459289686000
AFUGRX26XAFHICNAWJDYFIPKYTVQ,B01D2IXB20,4.0,1484238190000
AFUVXZR6FQX7NRUOS5UVN25IBYGQ,B00P0BLZFI,3.0,1472404404000
AFUVXZR6FQX7NRUOS5UVN25IBYGQ,B01N1G4YNL,4.0,1490900090000
AFUVXZR6FQX7NRUOS5UVN25IBYGQ,B08F591JFC,5.0,1610312707618
AFVI4E7TR45DPA33Q76IZM4XNR4A,B008A12F36,3.0,1469861728000
AFVI4E7TR45DPA33Q76IZM4XNR4A,B011EXDBAM,4.0,1482249586000
AFVI4E7TR45DPA33Q76IZM4XNR4A,B01CDEJ1H8,3.0,1474279273000
AFVIQ4AACKOWLWDLAE3DMIPQE4HA,B07ZJKVVLW,5.0,1596495277364
AFVIQ4AACKOWLWDLAE3DMIPQE4HA,B08B1PR9C7,5.0,1601256557969
AFVPVS3H45AYGKVOY3BDZ22ZHJPQ,B00DPNKBOE,5.0,1602522175171
AFVPVS3H45AYGKVOY3BDZ22ZHJPQ,B07BR5QSTK,5.0,1594439190294
AFVPVS3H45AYGKVOY3BDZ22ZHJPQ,B0CDNZ7F2V,5.0,1602522198410
AFVTDD5DGOPSWN5L6HUIC3CDPBCQ,B000MT1GHA,5.0,1569729347144
AFVTDD5DGOPSWN5L6HUIC3CDPBCQ,B0190JGPZA,5.0,1491174948000
AFVTDD5DGOPSWN5L6HUIC3CDPBCQ,B085BB7B1M,5.0,1523142765965
AFVTIVCL6WI5OTFZBMEOC24T2HNA,B01EKSKUL6,4.0,1561424379425
AFVTIVCL6WI5OTFZBMEOC24T2HNA,B0777W6C4X,4.0,1557490145768
AFVTIVCL6WI5OTFZBMEOC24T2HNA,B077D7NWK4,5.0,1558659493687
AFVTIVCL6WI5OTFZBMEOC24T2HNA,B078V3JB8K,5.0,1644180352985
AFW2JCYF27JLHTFRB4PFILERM3NA,B00MQ6BE92,5.0,1451168999000
AFW2JCYF27JLHTFRB4PFILERM3NA,B01IG41ZG4,5.0,1472144174000
AFW2JCYF27JLHTFRB4PFILERM3NA,B085BB7B1M,5.0,1426471286000
AFW2RYIDJZCV3PCQUGPECL4XQEAQ,B00N6WHTRG,3.0,1422061134000
AFW2RYIDJZCV3PCQUGPECL4XQEAQ,B07DQGT2JH,2.0,1628520733886
AFW2RYIDJZCV3PCQUGPECL4XQEAQ,B08PF914XC,5.0,1628786730796
AFWFOZA4BVBUEM26MBBYPUPZD3DQ,B012Q9NGE4,4.0,1451954896000
AFWFOZA4BVBUEM26MBBYPUPZD3DQ,B016LD3C04,4.0,1437451332000
AFWFOZA4BVBUEM26MBBYPUPZD3DQ,B0189OQF8Y,5.0,1450930447000
AFWFOZA4BVBUEM26MBBYPUPZD3DQ,B01AYTGWA8,5.0,1459226857000
AFWHZPGXEXLBV6QJRACKSCXHTIHA,B013LOZ3XU,2.0,1494029677000
AFWRGOGF4AI2IHRX7KZ2IYL63RXA,B01CDEJ1H8,5.0,1483565692000
AFWRGOGF4AI2IHRX7KZ2IYL63RXA,B01CVQALFE,4.0,1483565714000
AFWRGOGF4AI2IHRX7KZ2IYL63RXA,B01MTQ5C17,5.0,1501304037469
AFWRGOGF4AI2IHRX7KZ2IYL63RXA,B01MYPDMEU,5.0,1501302098787
AFWVYTLUU7WU6WIMTMITE2QGHWJQ,B0C9CWKY9G,5.0,1568772582142
AFWZ2XVOW3MEFTWUXPMHF4II3VXQ,B000NIZYIW,5.0,1516205041290
AFWZ2XVOW3MEFTWUXPMHF4II3VXQ,B000X20Y4C,5.0,1567283746159
AFWZ2XVOW3MEFTWUXPMHF4II3VXQ,B01FK1IUIM,2.0,1502097765727
AFWZ2XVOW3MEFTWUXPMHF4II3VXQ,B078W6XC3C,2.0,1564855824607
AFXCL257P3HIH43ZVHS36OAOGGZQ,B00BGFIITI,5.0,1637313805686
AFXCL257P3HIH43ZVHS36OAOGGZQ,B0BM4GX6TT,5.0,1586700437938
AFXF3EGQTQDXMRLDWFU7UBFQZB7Q,B08HGZXLP6,5.0,1611360452090
AFXF3EGQTQDXMRLDWFU7UBFQZB7Q,B09GNXK3N1,4.0,1618184630323
AFXL65ISDBHR2DP7NROTUGMZAKIA,B00NK65R5O,5.0,1445213232000
AFXL65ISDBHR2DP7NROTUGMZAKIA,B00OS9YWJY,5.0,1444839855000
AFXL65ISDBHR2DP7NROTUGMZAKIA,B00XZA42TW,5.0,1448667427000
AFXL65ISDBHR2DP7NROTUGMZAKIA,B00ZPQTVSQ,5.0,1443375652000
AFXL65ISDBHR2DP7NROTUGMZAKIA,B013HR1A92,5.0,1442801657000
AFXUTOD2MWL5GWMBL3SECRDKSMRQ,B01N4885PD,5.0,1423509882000
AFXWJED5JRNXUVOJEV2OYZVLQTIA,B089DQTSFB,5.0,1617633290187
AFXWJED5JRNXUVOJEV2OYZVLQTIA,B08XMBHL8C,5.0,1649353103722
AFXXN7PY5BA34YNL3WZVL3JL3TFQ,B01LBXF3BA,5.0,1544711303045
AFXXN7PY5BA34YNL3WZVL3JL3TFQ,B085BB7B1M,5.0,1502460128987
AFXXN7PY5BA34YNL3WZVL3JL3TFQ,B089LR2Y1S,3.0,1599541175732
AFXXNL5REHXD7TQNEWV6KDTKN5VA,B0190JGPZA,4.0,1474907092000
AFXXNL5REHXD7TQNEWV6KDTKN5VA,B08383FHW2,4.0,1525010749342
AFY5WGXOAKBITXKPXQ67FAHFU7KA,B097BSKSQW,1.0,1547091349947
AFY6XVNCSZR44BLRUBKNK2MTKH6A,B00Y3U0TBS,5.0,1592790501377
AFY6XVNCSZR44BLRUBKNK2MTKH6A,B01CTQC9J2,4.0,1521079968293
AFY6XVNCSZR44BLRUBKNK2MTKH6A,B07DJ63S55,5.0,1578371139520
AFYNBQEI2MECSESHZSJSSU5MHCXA,B00KCTER3U,5.0,1431415649000
AFYNBQEI2MECSESHZSJSSU5MHCXA,B00O3ILA5Y,3.0,1425507208000
AFYNBQEI2MECSESHZSJSSU5MHCXA,B00OXDWFG2,5.0,1430895384000
AFYPBZWBLZLLYRBITESLEBZG6MAA,B001HS29LM,5.0,1480566456000
AFYS6FOI7PB7YCHE2YPE5FRTRG3A,B012Q9NGE4,1.0,1467217042000
AFYS6FOI7PB7YCHE2YPE5FRTRG3A,B07TK15BQQ,5.0,1582229114941
AFYS6FOI7PB7YCHE2YPE5FRTRG3A,B096LHP8WQ,5.0,1644852531146
AFYX7WMW4YGDD73F6KEODA6YOCRQ,B072TZDJXX,2.0,1552846905598
AFYX7WMW4YGDD73F6KEODA6YOCRQ,B0753JC12P,1.0,1546758669814
AFYX7WMW4YGDD73F6KEODA6YOCRQ,B07SZS85DG,1.0,1566154897800
AFZQQ53WKWU4SFFQXEVPS47OO2WA,B00ZW0ABG6,1.0,1461019085000
AFZQQ53WKWU4SFFQXEVPS47OO2WA,B0107QYW14,2.0,1452282461000
AFZSVK7P23M2B7GYUYU7TQIHCGFA_1,B089RLLT5C,3.0,1594302249519
AFZSVK7P23M2B7GYUYU7TQIHCGFA_1,B08MPK4JRB,4.0,1608172329474
AFZSVK7P23M2B7GYUYU7TQIHCGFA_1,B08MRRNL18,5.0,1615432846720
AFZSVK7P23M2B7GYUYU7TQIHCGFA_1,B08RY6S25W,5.0,1621967148066
AG23RTFHKHJZXTAGSPC2SUV6SHNQ,B0722HKRHH,1.0,1543536068039
AG24U4EAZIRZMJTVS5P4XLNROXAA,B01MFA9HBO,3.0,1487010905000
AG24U4EAZIRZMJTVS5P4XLNROXAA,B06XRZ6Q4Z,5.0,1517022546280
AG2FENSO66ZSASXWWJ4BW2Z5X6VQ,B00KCTER3U,2.0,1445654491000
AG2FENSO66ZSASXWWJ4BW2Z5X6VQ,B00L4HJX7O,3.0,1442265921000
AG2FENSO66ZSASXWWJ4BW2Z5X6VQ,B00NT0AR7E,5.0,1442266716000
AG2MWE5FOYGZUXGKFDD2LBRWY4PQ,B00Q1BNG6C,1.0,1421927031000
AG2TKRFGYWJ4BUHJ5VRBV32BGCLA,B0BM4GX6TT,3.0,1582225899800
AG3HKK7MIKRQ7DOTNDOE63X2WJGQ,B07SHHXSPL,4.0,1582503326490
AG3HKK7MIKRQ7DOTNDOE63X2WJGQ,B08MRRNL18,5.0,1616272116833
AG3HKK7MIKRQ7DOTNDOE63X2WJGQ,B08RY6S25W,4.0,1635345449171
AG3LLR72ZT4FBSHGBINALAVMMKZA,B000AMRIIK,2.0,1273714134000
AG3LLR72ZT4FBSHGBINALAVMMKZA,B003VC6V7K,4.0,1336705820000
AG3LLR72ZT4FBSHGBINALAVMMKZA,B09GS65Y1T,5.0,1666459630774
AG3S3R2O5OETUPKIPOSDLWAQE2JA,B07P6TN5RF,5.0,1561522182193
AG4D44BNNLUEZNG7COK2CNRYUHYQ,B0848VJ18X,5.0,1583303236844
AG4D44BNNLUEZNG7COK2CNRYUHYQ,B087BC7GPT,3.0,1594443518728
AG4D44BNNLUEZNG7COK2CNRYUHYQ,B08MPK4JRB,2.0,1607964973729
AG4D44BNNLUEZNG7COK2CNRYUHYQ,B08QKXY1KN,2.0,1624502485357
AG4DUQZM7JYKQKW5OQJR7BK24FDQ,B01GS7QKQQ,5.0,1487465512000
AG4DUQZM7JYKQKW5OQJR7BK24FDQ,B01GS8J18E,5.0,1490226375000
AG4DUQZM7JYKQKW5OQJR7BK24FDQ,B01I2MU2JQ,5.0,1481564111000
AG4G2O4D7GK52VSHMMPZEZIIACIQ,B09XBSDCXP,5.0,1660775741642
AG4JNEZ25UUF7I5VH7OCPZVUAUEA,B01N1G4YNL,3.0,1494298942000
AG4LEU323ZIGF3HGWMEWVFHBKMOQ,B00OXDWFG2,5.0,1426600341000
AG4LEU323ZIGF3HGWMEWVFHBKMOQ,B01GSKXBAQ,5.0,1472655207000
AG4LEU323ZIGF3HGWMEWVFHBKMOQ,B09X9BG4FC,5.0,1543856290535
AG5CCBZSZIOPKHTIKRI5K2EH4D2Q,B00I3LSLW2,5.0,1438703174000
AG5CCBZSZIOPKHTIKRI5K2EH4D2Q,B00U4O3YHI,5.0,1472830508000
AG5CCBZSZIOPKHTIKRI5K2EH4D2Q,B07D1B499B,4.0,1443804535000
AG5NXVHM5DN54F7H4UHRC6HLO7YA,B08CKCV9HD,5.0,1610833730754
AG5RZSLAYWMIVJNGYNAX6T456WLQ,B0105WF7NC,4.0,1573312121397
AG5RZSLAYWMIVJNGYNAX6T456WLQ,B079YGNFRV,4.0,1573311890059
AG5RZSLAYWMIVJNGYNAX6T456WLQ,B07FKGGLCW,5.0,1583879640162
AG63W2BMC4HRP76AMS36AYY64AHA,B007WFZ0XI,5.0,1395060751000
AG63W2BMC4HRP76AMS36AYY64AHA,B01MTQW0BK,3.0,1484065416000
AG63W2BMC4HRP76AMS36AYY64AHA,B08HGZXLP6,5.0,1610155908475
AG6DXJYT4WM3XF6JEINQQGVFGVGA,B083LYH94D,1.0,1588821258804
AG6GWSQX4YIJEGU4VTA6TA7AXMUQ,B014I0FDVI,5.0,1679590302920
AG6IVVSOG4O4U3GLBFIXTIKPHVKQ,B00CQ16CT4,3.0,1447790884000
AG6N2DE3BPMPRLUKAFF7EZL5BHTA,B0145XI8RO,5.0,1500141220394
AG6XGKPUV72NK3GSQTZ7BYRIZVLA,B011XUJYU2,4.0,1482346531000
AG6XGKPUV72NK3GSQTZ7BYRIZVLA,B01EWACUE2,5.0,1482346170000
AG6XGKPUV72NK3GSQTZ7BYRIZVLA,B01F97QDW2,5.0,1482346581000
AG73BVBKUOH22USSFJA5ZWL7AKXA,B0067BAIM6,5.0,1425774985000
AG73BVBKUOH22USSFJA5ZWL7AKXA,B00KCTER3U,5.0,1429402483000
AG73BVBKUOH22USSFJA5ZWL7AKXA,B00WTWQMQI,5.0,1433022395000
AG73BVBKUOH22USSFJA5ZWL7AKXA,B079R2VWNX,4.0,1552714443502
AG73BVBKUOH22USSFJA5ZWL7AKXA,B07FZ5HZLM,4.0,1554430332613
AG73BVBKUOH22USSFJA5ZWL7AKXA,B07K153R2B,5.0,1547240639328
AG73BVBKUOH22USSFJA5ZWL7AKXA,B07SHHXSPL,4.0,1578603609779
AG73BVBKUOH22USSFJA5ZWL7AKXA,B07X4J45PS,5.0,1568837633738
AG73BVBKUOH22USSFJA5ZWL7AKXA,B083PXJBVY,4.0,1632523710648
AG73BVBKUOH22USSFJA5ZWL7AKXA,B089NJG212,5.0,1606595275721
AG73BVBKUOH22USSFJA5ZWL7AKXA,B08HZ5Y8RY,5.0,1608405634920
AG73BVBKUOH22USSFJA5ZWL7AKXA,B08S1LWF9V,5.0,1615341590709
AG73BVBKUOH22USSFJA5ZWL7AKXA,B0914JBBTV,5.0,1588283401183
AG7ED35KRPZBBMIEELG53KP3YGMA,B000050FDE,5.0,1320088996000
AG7ED35KRPZBBMIEELG53KP3YGMA,B085BB7B1M,5.0,1485008919000
AG7ED35KRPZBBMIEELG53KP3YGMA,B0BM4GX6TT,4.0,1554818233432
AG7JCEMC64AM7JPATDVGP6YZOTXA,B08MRRNL18,4.0,1615134299267
AG7JCEMC64AM7JPATDVGP6YZOTXA,B0BN113VWD,4.0,1641668220080
AG7JCEMC64AM7JPATDVGP6YZOTXA,B0BN12F234,5.0,1641668594805
AG7KOFQHUWGT2DOJAVBEOKVHTDIQ,B09FFQT1KK,5.0,1595910318918
AG7LSI3VNIYJ62SBPPZ6ETYGMDMQ,B004UTSRNY,5.0,1372708190000
AG7POWYGLXXZ2VO4GEJHITVIELLA,B007GQLXJI,5.0,1486321808000
AG7POWYGLXXZ2VO4GEJHITVIELLA,B00UB7ANHC,5.0,1482422864000
AG7S27ONM4W3F2IEUTTO3T3WFFQQ,B006GESCPY,5.0,1509367866789
AG7TSEJP2CZFD33WTFYFS5TANEMQ,B004DGK40S,2.0,1363106405000
AG7UNYIOWHYLTY636AA3N5WRCLYA,B000FEF1V4,5.0,1220889638000
AG7WXYJR3N3IOL7NX6QUZJUPBVDA,B00J3CDS7I,5.0,1411866888000
AG7WXYJR3N3IOL7NX6QUZJUPBVDA,B079NV9PBG,5.0,1520084298149
AG7WXYJR3N3IOL7NX6QUZJUPBVDA,B0BN12F234,5.0,1642211829973
AGANWC45FFYBTRRUTUZPJRN64KLQ,B0B5XFVSXY,5.0,1663185306273
AGBF546BGRZAFFEIPWP3FIPE3F3A,B00PQRMIRA,1.0,1451511634000
AGBF546BGRZAFFEIPWP3FIPE3F3A,B00ZPQB9RW,5.0,1444611052000
AGBF546BGRZAFFEIPWP3FIPE3F3A,B011JG1K3E,5.0,1445906950000
AGBIZZ44XLAQLV3YRE3YNAMHQ2NA,B0095XAX00,5.0,1513747770637
AGBIZZ44XLAQLV3YRE3YNAMHQ2NA,B00U4O3YHI,3.0,1510214071271
AGBIZZ44XLAQLV3YRE3YNAMHQ2NA,B01LE4QJS2,5.0,1510213727788
AGBJN2RXO24AOJGU2FG5IMRHEE3A,B00K58HQRM,5.0,1424112042000
AGBJN2RXO24AOJGU2FG5IMRHEE3A,B00K5RZIKA,5.0,1424111847000
AGBJN2RXO24AOJGU2FG5IMRHEE3A,B00T417IFQ,5.0,1434569943000
AGBJN2RXO24AOJGU2FG5IMRHEE3A,B00V5YFCVM,5.0,1435075148000
AGBPEG6QNUMA7NGFCHEYAX2AOTLQ,B01695MZ9S,2.0,1501685063990
AGBSDAWJYRPTOMK2CEAXVE5PZAOA,B01CTQC9J2,1.0,1500179814926
AGCBAHA6YQVXV55XWQ5PU5YCPQKA,B07D1B499B,5.0,1510784639036
AGCJMWJILQTGO65Q2T333AX74UQA,B00NFX6FJO,5.0,1369758561000
AGCKTS25DY7NLOKUHYWQJR52PMVQ,B00ZOTMCM6,4.0,1470250311000
AGCKTS25DY7NLOKUHYWQJR52PMVQ,B01HTO9T2Y,5.0,1536173310186
AGCKTS25DY7NLOKUHYWQJR52PMVQ,B0881Y9BLS,5.0,1486663859000
AGCSR3QLS52LVBBCTNYRTWYSUQ6A,B0C5KJM4TB,5.0,1429107829000
AGCTEJJUCBPE7L3J7FW2JNTZAXDA,B008TGMJQA,5.0,1481344066000
AGCTEJJUCBPE7L3J7FW2JNTZAXDA,B0150VWF5G,4.0,1481345220000
AGCTEJJUCBPE7L3J7FW2JNTZAXDA,B07H281V4V,1.0,1558503030361
AGCVCHQQIWAKCQYWH2WEU4G2IYSA,B004PZXJUO,3.0,1436232620000
AGCVCHQQIWAKCQYWH2WEU4G2IYSA,B014SRAOVK,4.0,1459349531000
AGCVCHQQIWAKCQYWH2WEU4G2IYSA,B019NNXXV2,3.0,1456424970000
AGDDJUJ3TWUS7IEIYN73T4KXV2MA,B073VHSN5M,3.0,1533201700148
AGDDJUJ3TWUS7IEIYN73T4KXV2MA,B074KD4PX2,5.0,1516584322306
AGDDJUJ3TWUS7IEIYN73T4KXV2MA,B079YGNFRV,5.0,1521253779216
AGDEN5R4WK3ALCN25GIKWYUKIAYQ,B08L5KN7X4,4.0,1624547388510
AGDFLGBDHOLOASHN4K6ICKMAWEOA,B003NTFDFM,4.0,1468812443000
AGDFLGBDHOLOASHN4K6ICKMAWEOA,B012Q9NGE4,5.0,1451111542000
AGDFLGBDHOLOASHN4K6ICKMAWEOA,B0C3LVTX2V,4.0,1476168243000
AGDHWQYAX6S7KZ7INNOW7KIIE33A,B01CDEJ1H8,5.0,1474515616000
AGDYFDP4Q23S6M3U2W3QS5KBDROQ,B00KS4KYRW,5.0,1545404929192
AGDYFDP4Q23S6M3U2W3QS5KBDROQ,B08RY6S25W,5.0,1621517182996
AGDYFDP4Q23S6M3U2W3QS5KBDROQ,B095KFXNV7,5.0,1627913836146
AGEAJ3SCOEQVBB6CZ2L3VOSZNR6Q,B00OS9YWJY,5.0,1447624045000
AGEAJ3SCOEQVBB6CZ2L3VOSZNR6Q,B00VXEQ0WO,5.0,1463189525000
AGEAJ3SCOEQVBB6CZ2L3VOSZNR6Q,B01IG41ZG4,5.0,1474824730000
AGEOQ7MPISJD7RZWMQB4OH2GMHKQ,B008TGMJQA,5.0,1458345447000
AGEOQ7MPISJD7RZWMQB4OH2GMHKQ,B00H9BLZP2,4.0,1455761020000
AGEOQ7MPISJD7RZWMQB4OH2GMHKQ,B00ZUD4B5C,5.0,1520907210541
AGEURPC6E635RD4LJONZSNMKDXDQ,B00GDKBUDM,4.0,1442802179000
AGEURPC6E635RD4LJONZSNMKDXDQ,B00U2VQZC4,5.0,1495166691000
AGEURPC6E635RD4LJONZSNMKDXDQ,B072JX8LV5,3.0,1532980931121
AGEVTM6XYVZX454K6DTUH64LRROQ,B00011JN5G,5.0,1398356729000
AGEXQ3UC4NQZG5XB6JECZS5EKYCQ,B015TJJYXU,5.0,1452721357000
AGFHHZIEFIIXJZKWRCLKISPPFGWQ,B000NHZSKC,4.0,1497805761359
AGFHHZIEFIIXJZKWRCLKISPPFGWQ,B00U2VQZC4,4.0,1499027755964
AGFHHZIEFIIXJZKWRCLKISPPFGWQ,B01HT75KHE,5.0,1515356533374
AGFLDIUYV2PKF5Q7IEMULR52GW2Q,B0875V791H,5.0,1595869747688
AGFLDIUYV2PKF5Q7IEMULR52GW2Q,B087GB8ZRF,3.0,1596249164932
AGFLDIUYV2PKF5Q7IEMULR52GW2Q,B088LPYXNQ,4.0,1606780021575
AGFLDIUYV2PKF5Q7IEMULR52GW2Q,B08HZ5Y8RY,5.0,1611280653037
AGFLDIUYV2PKF5Q7IEMULR52GW2Q,B08MPK4JRB,4.0,1606093722995
AGG25DDLAX2XK3RUU7D7DOUQOJ6Q,B00BX4E5Y4,5.0,1442636431000
AGG25DDLAX2XK3RUU7D7DOUQOJ6Q,B01195J43I,3.0,1456673530000
AGGL4QTSFIDBDBNUJUZSKRMU2EGQ,B00T73P8AS,5.0,1429766073000
AGGS22XG63AQTYBR3APBQA25HAYQ,B000X20Y4C,3.0,1461896294000
AGGS22XG63AQTYBR3APBQA25HAYQ,B00VIYHWUS,5.0,1461895679000
AGGS22XG63AQTYBR3APBQA25HAYQ,B0CDNZ7F2V,5.0,1461891299000
AGH742PYZ2GTZ3OOSQ35QBPYKMIA,B01KXDO4YG,5.0,1497884003309
AGH742PYZ2GTZ3OOSQ35QBPYKMIA,B07ZHP2WJX,4.0,1621033662171
AGH742PYZ2GTZ3OOSQ35QBPYKMIA,B085QLNZVL,3.0,1617282113462
AGHKGXOBFZ4IR6DBJ35T77CA5KCQ,B0B8S54RS2,5.0,1672442094738
AGHS37QMFIKXFPK5IBEGK7FOPXSA,B01N4885PD,5.0,1453061001000
AGHS37QMFIKXFPK5IBEGK7FOPXSA,B09C2ZW2GL,5.0,1609377000435
AGHSJ3OYRCSN3FLJTL5XDA5X4RQQ,B00CQ16CT4,5.0,1443236473000
AGHZXWAAXNBYFKFN4XAE2OF56QCQ,B01AYTGWA8,4.0,1479515240000
AGHZXWAAXNBYFKFN4XAE2OF56QCQ,B0BNWSR278,4.0,1527200730400
AGI3OBU4IO6DWIX2TUHKFIUBJBSA,B008C2QYPI,5.0,1440284509000
AGI3OBU4IO6DWIX2TUHKFIUBJBSA,B00XP86KXU,5.0,1458577094000
AGI3OBU4IO6DWIX2TUHKFIUBJBSA,B01KSXFU2Q,5.0,1476411591000
AGJKJRZIWHT6JQKKHJSQKWDBFPUQ,B07QC6QRHS,5.0,1582156241312
AGJLYVRHMNDAAZXETGEQGYCHNGRA,B001281404,5.0,1570803524873
AGJLYVRHMNDAAZXETGEQGYCHNGRA,B07L3TSB2L,5.0,1555518317837
AGJLYVRHMNDAAZXETGEQGYCHNGRA,B085BB7B1M,5.0,1612720845948
AGKAPZGH55F3TPNIFLQERZGOO4MA,B011XUJYU2,1.0,1509835660682
AGKBEBFOQMXRHX2G7PDVN7T5BDDQ,B07G23R7ZX,5.0,1650473094634
AGKIZK7VO54LETJW6TM4WZ6V25JQ,B0BNWSR278,5.0,1663259001344
AGL4AWT6VNQFPME47RZMTSUGGAGA,B00A0RUGPM,5.0,1520694968272
AGL4AWT6VNQFPME47RZMTSUGGAGA,B075L6R3TZ,5.0,1520694931341
AGL4AWT6VNQFPME47RZMTSUGGAGA,B078397R2G,5.0,1520694707543
AGL7OGJK74CQBZU4FYMVXTNECZJA,B00U2VQZC4,2.0,1566067609404
AGLAQQ5WT7IFDJBMJSV6JGMNEP5A,B07C533XCW,5.0,1562108689658
AGLUUA4POWDJN53YKG3EJ2FRVORA,B00J2D80W6,4.0,1426008817000
AGLUUA4POWDJN53YKG3EJ2FRVORA,B00O3ILA5Y,5.0,1422812642000
AGLUUA4POWDJN53YKG3EJ2FRVORA,B00OXDWFG2,5.0,1423683326000
AGM6DOWHQFVHNLJ42TMKHQGVFIAQ,B000MT1GHA,5.0,1475951674000
AGM6DOWHQFVHNLJ42TMKHQGVFIAQ,B079J49XFM,3.0,1532950015098
AGM6R5K7UXSKVQZYBGGIFWUTCHSA,B00NPF64L6,2.0,1431627981000
AGM6R5K7UXSKVQZYBGGIFWUTCHSA,B01A3I5IGE,5.0,1454356645000
AGM7OV6BBCJRCNOKYQLQSODGPZVA,B004Y00WIC,5.0,1491970114000
AGM7OV6BBCJRCNOKYQLQSODGPZVA,B00HLWOHFE,5.0,1450036079000
AGM7OV6BBCJRCNOKYQLQSODGPZVA,B07H8Z3SMK,5.0,1545369384102
AGMHUXOMNXCNW3ENSEE37ZSAXW4A,B000GBICYE,3.0,1265206862000
AGMHUXOMNXCNW3ENSEE37ZSAXW4A,B008A12F36,3.0,1442883126000
AGMHUXOMNXCNW3ENSEE37ZSAXW4A,B01H1I65Y8,3.0,1508204833682
AGMMW4Z4RJODYZD5HM6JXU23WVIQ,B07K1DRCYR,5.0,1547867346784
AGMPIFCIQFQ7E3CE7O55XCZO4DEQ,B08XMBHL8C,5.0,1517259454702
AGMRQ2POGFC6666B6HMEKEWGLYLQ,B00ZW0ABG6,1.0,1509742623750
AGMRQ2POGFC6666B6HMEKEWGLYLQ,B09FP8PP2K,5.0,1564951877539
AGN2TQA5LHCHLOHEJPIJBPVE4GUQ,B000G8LWZI,5.0,1426356124000
AGN2TQA5LHCHLOHEJPIJBPVE4GUQ,B000N9IQLS,5.0,1426355629000
AGN2TQA5LHCHLOHEJPIJBPVE4GUQ,B004GHIEZQ,5.0,1426357328000
AGN3CGY6NOGMTU2Z5SMBARZOQXTA,B01M07CRQR,5.0,1483587074000
AGN3CGY6NOGMTU2Z5SMBARZOQXTA,B09W66MSPX,5.0,1541868343804
AGNEYGHRA2MM5MUN6WCZRXDSNJZA,B09P3ZMV55,4.0,1403425900000
AGNFKMK56JWLYXFYNCJJABWDBHJQ,B01L71F5XW,5.0,1545086466241
AGNQCDNY46VOQSG3KKFIPL7H27WQ,B00VY8RO56,3.0,1445521802000
AGNQCDNY46VOQSG3KKFIPL7H27WQ,B00WQEJV6M,4.0,1445521926000
AGNQCDNY46VOQSG3KKFIPL7H27WQ,B0894JSC8T,5.0,1602125034362
AGNQL6FMTLYTY2NL56UXWTWJK3HA,B079M24W38,4.333333333333333,1584140439739
AGNQUEK2ZUZWNXQMJNXFV2LDJLLA,B0055FF3SE,5.0,1381368066000
AGNQUEK2ZUZWNXQMJNXFV2LDJLLA,B00OIQ4OFO,5.0,1458158472000
AGNQUEK2ZUZWNXQMJNXFV2LDJLLA,B06VWPZN56,4.0,1556129664911
AGNTJQ2C66IPH76GICZOP4DYBA3Q,B00ZPQB9RW,5.0,1498886768675
AGNTJQ2C66IPH76GICZOP4DYBA3Q,B01DD1NOZU,5.0,1571788999267
AGNTJQ2C66IPH76GICZOP4DYBA3Q,B01HIIT4TE,5.0,1478456987000
AGNYLZ7C7WHSKPO6LUPYIOEVHV7A,B00N996X4G,5.0,1415711327000
AGNYLZ7C7WHSKPO6LUPYIOEVHV7A,B01AYTGWA8,5.0,1462654786000
AGNYLZ7C7WHSKPO6LUPYIOEVHV7A,B08MVFKSQ8,5.0,1477746026000
AGOA4E6676VC6XEPBBIJJHVM7BUQ,B07B6WZZ65,2.0,1612912959086
AGOA4E6676VC6XEPBBIJJHVM7BUQ,B07GRD8MMJ,4.0,1627924160308
AGOA4E6676VC6XEPBBIJJHVM7BUQ,B097R4H8FZ,5.0,1622700671035
AGOLMT3QETKYNESRYKBA6D7XXS7A,B08HZ5Y8RY,5.0,1607368391375
AGOLMT3QETKYNESRYKBA6D7XXS7A,B08L3J4FB9,5.0,1609952447500
AGOLMT3QETKYNESRYKBA6D7XXS7A,B08MRRNL18,5.0,1619372873262
AGOLMT3QETKYNESRYKBA6D7XXS7A,B08NC4378M,5.0,1616857067159
AGP4NAZYD5LMJIDGN6IEAOR2ZPWQ,B00KBYQDI8,5.0,1648321954557
AGP4NAZYD5LMJIDGN6IEAOR2ZPWQ,B078J32XBK,5.0,1596056428603
AGP6AJ3GGAZVLYNEZQIEQDSDYEWA,B0006O2HRO,2.0,1524235572791
AGP6AJ3GGAZVLYNEZQIEQDSDYEWA,B000NWMOBS,5.0,1507561536597
AGP6AJ3GGAZVLYNEZQIEQDSDYEWA,B01J6I6MJY,2.0,1509372603923
AGPRW4A4MBXXZWN45LZBQNI2ZFFQ,B074KD4PX2,4.0,1522974402727
AGPTOHQIP32HUKB4CGFQ3MLT3MOQ,B00L4HJX7O,5.0,1450708502000
AGPUFAP2NICMT6JOXAHRBPQS4G4Q,B005BZQHEC,5.0,1365278924000
AGQDAYZUDQB6CUMC3WUN6SVWLP6A,B01JO6ZPMI,5.0,1532100831360
AGQXJJKCSEMKU7K6DVM2BORDLTZA,B083PXJBVY,5.0,1659449832622
AGQXJJKCSEMKU7K6DVM2BORDLTZA,B08G4W8BH9,4.0,1626961409996
AGR7AJ65I5CY4OAROAVF4VBVSQZQ,B08XMBHL8C,5.0,1529863739322
AGRAVKXZKQANFM5RJUVM3FCSLTOA,B006GDB518,5.0,1523656929996
AGRAVKXZKQANFM5RJUVM3FCSLTOA,B006GDQL44,5.0,1464897701000
AGRAVKXZKQANFM5RJUVM3FCSLTOA,B00ANIQPZ8,5.0,1454339950000
AGRC3JDXRCSSQ6TOMEB66Y5ORIYA,B00TNREDHW,5.0,1435790743000
AGRC3JDXRCSSQ6TOMEB66Y5ORIYA,B00XBRCWSM,5.0,1471287346000
AGRC3JDXRCSSQ6TOMEB66Y5ORIYA,B010SZWNP6,5.0,1442285515000
AGRC3JDXRCSSQ6TOMEB66Y5ORIYA,B011EXDBAM,5.0,1450671451000
AGRC3JDXRCSSQ6TOMEB66Y5ORIYA,B012Q9NGE4,4.0,1451781208000
AGRC3JDXRCSSQ6TOMEB66Y5ORIYA,B013HR1A92,5.0,1442250301000
AGRC3JDXRCSSQ6TOMEB66Y5ORIYA,B01DGWYQCG,4.0,1464022364000
AGRC3JDXRCSSQ6TOMEB66Y5ORIYA,B01G45HX18,5.0,1466911526000
AGRE4FDOO2AVSVP3SFF57AFBGB4A,B00BN9PFUW,5.0,1487486202000
AGRFD7DOH2XDCBR4LRMFFVXJODPA,B01C6VLR5M,5.0,1469285783000
AGRFD7DOH2XDCBR4LRMFFVXJODPA,B01CZY0LKW,5.0,1473170870000
AGRGTVZTWFX3HREX5P64GQKWHU2A,B0BM4GX6TT,5.0,1590349550949
AGRRGLCZA6LPDAVH6OW7BBDMQZMA,B01AHJY4YQ,4.0,1454628582000
AGRZVANI53PEFHEDYOHIVKFPSR4A,B01LAV3O6E,5.0,1492435060000
AGRZVANI53PEFHEDYOHIVKFPSR4A,B07SZS85DG,1.0,1564679361561
AGRZVANI53PEFHEDYOHIVKFPSR4A,B0C9CWKY9G,5.0,1584821616774
AGS7NLG3ZLH6MMFCU763C7MNBGPQ,B005DJIEFQ,5.0,1463077043000
AGS7NLG3ZLH6MMFCU763C7MNBGPQ,B01CYTUXHO,3.0,1487879703000
AGS7NLG3ZLH6MMFCU763C7MNBGPQ,B01GS7QKQQ,5.0,1491401238000
AGSG2WUB3QZVG2R4EVWXGJPLSNEA,B00M0FMEZM,5.0,1466104384000
AGSIWN5B7FTHAMFQSUJ7VUD4WPHA,B005BZQHEC,5.0,1389807500000
AGSP5DEPBMFQ564HACILMO2IGRHQ,B00KCTER3U,5.0,1427719387000
AGSP5DEPBMFQ564HACILMO2IGRHQ,B00PKIE760,5.0,1436918279000
AGSP5DEPBMFQ564HACILMO2IGRHQ,B07FX823ZQ,5.0,1471736296000
AGSTQ3JDGW2TZB5XKBF7PD2DJOKQ,B079CW539Y,5.0,1562400370469
AGSTQ3JDGW2TZB5XKBF7PD2DJOKQ,B07Q82VGTV,4.0,1565792228274
AGSTQ3JDGW2TZB5XKBF7PD2DJOKQ,B09FR54XLC,5.0,1471113503000
AGT7EY65WAZOXGW5FCJXYS57VMGQ,B08LQSYNZV,5.0,1640562503580
AGTIC36N7QHDFOXP562DICQFYUOQ,B00ZPQB9RW,5.0,1463703571000
AGTIC36N7QHDFOXP562DICQFYUOQ,B012Q9NGE4,5.0,1463703800000
AGTIC36N7QHDFOXP562DICQFYUOQ,B01AYTGWA8,5.0,1460217172000
AGTJPEL3VYZD3EPGAWFWSZXNX3KQ,B00DT4757A,5.0,1433903367000
AGTJPEL3VYZD3EPGAWFWSZXNX3KQ,B00PKIE760,5.0,1431412244000
AGTJPEL3VYZD3EPGAWFWSZXNX3KQ,B00XDB3QTA,5.0,1436379259000
AGTOMIJSQB7NOZDGLIAKIUQVKTTA,B013GOZAGU,5.0,1505769048140
AGTTGCXJORUC2HZZKL2OSSBJEM3A,B01M1OFZOG,5.0,1505526979762
AGTTGCXJORUC2HZZKL2OSSBJEM3A,B01MRX18Y5,3.0,1486993950000
AGTTGCXJORUC2HZZKL2OSSBJEM3A,B0881Y9BLS,3.0,1501269530856
AGTZJHMXWNIRNXIQG6ZGUCNKQJDQ,B01DN6K390,3.0,1476222139000
AGVAQ4Z6CLXGRJKMTCVIZAUJKFLQ,B0BCFSS4P6,1.0,1592528866768
AGVCMJQLOELW4FVX26ODOADG6FZQ,B00BMW24TU,3.0,1449290676000
AGVCMJQLOELW4FVX26ODOADG6FZQ,B00HLWOHFE,5.0,1526945046678
AGVCMJQLOELW4FVX26ODOADG6FZQ,B00VRTPUEY,3.0,1495893627000
AGVCMJQLOELW4FVX26ODOADG6FZQ,B07FX823ZQ,4.0,1537755974260
AGVG62MZCSVFMK765NWSQNDSENAQ,B00K5RZIKA,5.0,1420654178000
AGVG62MZCSVFMK765NWSQNDSENAQ,B00S5LB08W,5.0,1425924641000
AGVG62MZCSVFMK765NWSQNDSENAQ,B00TNREDHW,5.0,1440783900000
AGVJLZETM4HOQRJZKBVGQUVB5I3A,B0759NDR71,5.0,1544614236791
AGVKJE5Q46NIUCNFPOZUDSORSQYA,B0BNWSR278,5.0,1666123504763
AGVQSVOVS7MGXHJIRY3KLFZAHEVA,B00K58HQRM,3.0,1411908785000
AGVQSVOVS7MGXHJIRY3KLFZAHEVA,B00KCTER3U,5.0,1402613707000
AGVQSVOVS7MGXHJIRY3KLFZAHEVA,B00KVO2JWC,5.0,1407378699000
AGVRSPEPSKMIYEH4SLTPK7W2KL6A,B00R1TAN7I,5.0,1488988303000
AGW567R6SSGSQYL5GEGIUXD6LGMQ,B01CDEJ1H8,4.0,1471249881000
AGW567R6SSGSQYL5GEGIUXD6LGMQ,B01CE23EEA,5.0,1482753013000
AGW567R6SSGSQYL5GEGIUXD6LGMQ,B01CVQALFE,3.0,1472591915000
AGW6NJPU7AEPZLN4TBUBWKX6PQPA,B072KGXRV4,5.0,1547595781547
AGW6NJPU7AEPZLN4TBUBWKX6PQPA,B074KD4PX2,5.0,1551201212911
AGW6NJPU7AEPZLN4TBUBWKX6PQPA,B07HYP9VK6,5.0,1547595740849
AGWB4F74ER6FISJQKYS2FG6BVSTQ,B0002M5JNY,5.0,1435221425000
AGWB4F74ER6FISJQKYS2FG6BVSTQ,B0BGQQKWWY,5.0,1521081356925
AGWB4F74ER6FISJQKYS2FG6BVSTQ,B0BM4GX6TT,3.0,1543506232544
AGWTNORHZYQVF6YHK7PTNNLC3MPQ,B006GDQL44,5.0,1492725607000
AGWTNORHZYQVF6YHK7PTNNLC3MPQ,B00A7KLMOG,3.0,1455677890000
AGWTNORHZYQVF6YHK7PTNNLC3MPQ,B0C5FZDPD3,4.0,1626483474894
AGWTXJOLPPUUYYQPZR667PZSRJJA,B00BEYJYKS,5.0,1392916134000
AGWTXJOLPPUUYYQPZR667PZSRJJA,B07ZJKVVLW,5.0,1619877606030
AGWY2T5TMVCU2ZBJXJA3VRCI4NRQ,B00W4X8U26,3.0,1539376058392
AGWY2T5TMVCU2ZBJXJA3VRCI4NRQ,B00ZJLQBEY,5.0,1539375993193
AGWY2T5TMVCU2ZBJXJA3VRCI4NRQ,B074KD4PX2,1.0,1537826697178
AGXG5EU4L2UKPLH4BPJH62SRX5UA,B013QBNX58,1.0,1511592326371
AGXIZRDXFKMWAWOBOFY343VA3C6Q,B005GMXOJG,3.0,1603231768289
AGXMWJK3YL4SV5FJ27JEJZPZHRBA,B0941YDPSW,4.0,1624995008671
AGXMWJK3YL4SV5FJ27JEJZPZHRBA,B09GNXK3N1,5.0,1615158696650
AGXMWJK3YL4SV5FJ27JEJZPZHRBA,B0BM35X1LF,5.0,1639451441935
AGXWPQTZP4OZ7KTNATRIXYIMLI7Q,B00JSACNMG,5.0,1426043864000
AGXWPQTZP4OZ7KTNATRIXYIMLI7Q,B00NT0AR7E,5.0,1444841644000
AGXWPQTZP4OZ7KTNATRIXYIMLI7Q,B00X6P92OG,5.0,1440891275000
AGXWPQTZP4OZ7KTNATRIXYIMLI7Q,B014DH4FTC,4.0,1450900430000
AGYIJLKEPB6723MKHHK5NZQ4LZQQ,B0189OQF8Y,5.0,1560995096871
AGYIJLKEPB6723MKHHK5NZQ4LZQQ,B07DSDBTST,2.0,1569564254595
AGYIJLKEPB6723MKHHK5NZQ4LZQQ,B08BNBWTXP,5.0,1601359085639
AGYRF34DEOZFPDLWAWVD2PR532RQ,B07V6F1TK2,5.0,1596215535963
AGYS4YAOCNKFHBSSH5A224DF2MSA,B08G4W8BH9,1.0,1613617265187
AGYSATSESJF7WSB4Y7LIAIVMDN4Q,B004PB8IKO,5.0,1571940203829
AGYSATSESJF7WSB4Y7LIAIVMDN4Q,B07G7B3F1F,5.0,1543433585153
AGYSATSESJF7WSB4Y7LIAIVMDN4Q,B0811YBYVR,5.0,1582242247651
AGZ4KHJ7QTVIF2U25XSMR5BPFOCQ,B08LMST1N9,5.0,1612746276328
AGZ6VKJ6UPJLIE4B6RQCWLHGQZWA,B00T73P8AS,4.0,1440291147000
AGZ6VKJ6UPJLIE4B6RQCWLHGQZWA,B010U82WRU,3.0,1455231790000
AGZ6VKJ6UPJLIE4B6RQCWLHGQZWA,B06XHJ7VDQ,3.0,1530548068769
AGZE5SO4ZPNZPPJD6YBFBFRBSTFA,B0732SGQ7M,5.0,1569983009608
AGZEZPXVDZD6CDKRCX6M7NMUWICQ,B00NQ2CCOQ,4.0,1617043823580
AGZEZPXVDZD6CDKRCX6M7NMUWICQ,B013L9TX22,4.0,1452141491000
AGZEZPXVDZD6CDKRCX6M7NMUWICQ,B07HZ4CW7F,5.0,1556858437685
AGZI4SSYZAHCAX5EYRMV2LZPAKDA,B07894LH23,5.0,1600093451851
AGZK55LX7BKHLX7XFT3Q7QHDVL4A,B00YI9XO8Y,5.0,1457627649000
AGZK55LX7BKHLX7XFT3Q7QHDVL4A,B012Q9NGE4,5.0,1451523340000
AGZK55LX7BKHLX7XFT3Q7QHDVL4A,B01AYTGWA8,5.0,1463062264000
AGZKLDUDYELPMHACIWTGAYSQHSSA,B00J2D80W6,5.0,1429638623000
AGZKLDUDYELPMHACIWTGAYSQHSSA,B00JNI1DZQ,3.0,1410124670000
AGZKLDUDYELPMHACIWTGAYSQHSSA,B00K5RZIKA,5.0,1412014862000
AGZKLDUDYELPMHACIWTGAYSQHSSA,B00KCTER3U,5.0,1403197165000
AGZKLDUDYELPMHACIWTGAYSQHSSA,B00KECQ8BY,5.0,1418146374000
AGZKLDUDYELPMHACIWTGAYSQHSSA,B00VIYHWUS,4.0,1430010374000
AGZQ24H5BCUCKKJTQ4QFUOKY25EQ,B09X9BG4FC,5.0,1651683415249
AGZQORYBP5QT5NE6TB4LJU5IYX2A,B00853F6ZS,5.0,1502136601837
AGZQORYBP5QT5NE6TB4LJU5IYX2A,B07CJWG8SP,5.0,1495303542000
AGZQORYBP5QT5NE6TB4LJU5IYX2A,B0BM4GX6TT,5.0,1504977677796
AGZSSNYCG2YB2WESDLC5E7TFGW2Q,B0BN113VWD,2.0,1650761096639
AGZUJTI7A3JFKB4FP5JOH6NVAJIQ_1,B083PXJBVY,5.0,1635992519222
AGZUJTI7A3JFKB4FP5JOH6NVAJIQ_1,B08MPK4JRB,4.0,1608677469259
AGZUJTI7A3JFKB4FP5JOH6NVAJIQ_1,B0B9C3C8SS,5.0,1663599589190
AH2CHNCGV2AK6KIDMP7XZK2SQQMA,B00K70U7NI,5.0,1507078421021
AH2CHNCGV2AK6KIDMP7XZK2SQQMA,B01CNQINDY,5.0,1552237546719
AH2CHNCGV2AK6KIDMP7XZK2SQQMA,B01GFEMKES,5.0,1507078217989
AH2DN3Q2OKAW7JAFRIYPHOUOM2ZQ,B0B5XFVSXY,3.5,1663669942429
AH2DN3Q2OKAW7JAFRIYPHOUOM2ZQ,B0BCFSS4P6,4.0,1658127597042
AH2Q3YA3EECIHBLKCFC2PJYHG2HA,B00J2D80W6,5.0,1426052747000
AH2Q3YA3EECIHBLKCFC2PJYHG2HA,B00O3ILA5Y,5.0,1429238952000
AH2Q3YA3EECIHBLKCFC2PJYHG2HA,B00S5LB08W,5.0,1425333996000
AH2ZOBKAG77QKJRC4KNC3TN2PCUQ,B011JG1K3E,2.0,1458575221000
AH33SFEL6XGE4XOFTXJLYTFOHC4Q,B0037H43SI,3.0,1394293741000
AH35YGH2BIJXLFNLZSURECWCOGFA,B00YVCWUCE,5.0,1491861608000
AH3BJFP6V37HPYQTC55CSGIC5XCQ,B01KXDO4YG,4.0,1494270773000
AH3BXW7KLIS2VAE56UXJS2NS7I5A,B07G23R7ZX,4.0,1545766410447
AH3BXW7KLIS2VAE56UXJS2NS7I5A,B07K153R2B,4.0,1566128170747
AH3BXW7KLIS2VAE56UXJS2NS7I5A,B0914JBBTV,4.0,1586014147800
AH3BXW7KLIS2VAE56UXJS2NS7I5A,B0BTJ6SYKB,5.0,1596220190360
AH3CYSAXDJVSKB7DZGWJSDNPVFSA,B01N5GPXG2,5.0,1607343276271
AH3KEDBPWJGL24RNC6VTJOJGYXSA,B00NT0AR7E,5.0,1422503905000
AH3KEDBPWJGL24RNC6VTJOJGYXSA,B00PM5QEX0,4.0,1472778879000
AH3KEDBPWJGL24RNC6VTJOJGYXSA,B00WQEJV6M,5.0,1442722144000
AH3KEDBPWJGL24RNC6VTJOJGYXSA,B0163GB1NE,5.0,1452253117000
AH3KEDBPWJGL24RNC6VTJOJGYXSA,B07FX823ZQ,4.0,1452040404000
AH3MUCGVVDAUQA4GD2L5ZL6GS7SQ,B01AKTK50U,4.0,1511806708254
AH3MUCGVVDAUQA4GD2L5ZL6GS7SQ,B01I2MU2JQ,4.0,1536858780818
AH3MUCGVVDAUQA4GD2L5ZL6GS7SQ,B0716CKZ4D,4.0,1536594703287
AH3MUCGVVDAUQA4GD2L5ZL6GS7SQ,B084QB5Q5G,5.0,1612805835787
AH3MUCGVVDAUQA4GD2L5ZL6GS7SQ,B0BMWQQR9W,5.0,1582654309802
AH3X33BLLYI72F2KKSR4LVCAC44A,B000X20Y4C,5.0,1503601489163
AH3X33BLLYI72F2KKSR4LVCAC44A,B07C533XCW,5.0,1607693578748
AH3X33BLLYI72F2KKSR4LVCAC44A,B08NVJTZH8,5.0,1641830300464
AH43SSJBZ2AQYGLDKQINLWD6HUCA,B000X1YING,2.0,1511464200537
AH4D7FKJOZ7U6DHM7G4EPCSM4ZYA,B00KGKQR2Y,5.0,1425497195000
AH4D7FKJOZ7U6DHM7G4EPCSM4ZYA,B00PKIE760,5.0,1431378551000
AH4D7FKJOZ7U6DHM7G4EPCSM4ZYA,B00S5LB08W,5.0,1425238964000
AH4NWT43EP7OHZPZ26P6UVBSITOA,B08NFJ2GGT,5.0,1621312969380
AH4VGCVTSQRUN3VKLJ4B7UWXUEGQ,B000NJJFBI,5.0,1401724545000
AH4VGCVTSQRUN3VKLJ4B7UWXUEGQ,B00XTW44GM,5.0,1503503577124
AH4VGCVTSQRUN3VKLJ4B7UWXUEGQ,B079YGNFRV,5.0,1552516385638
AH53O5J6Z43NTSVNT4GXFC5URBJA,B00FZH4126,1.0,1569285916487
AH53O5J6Z43NTSVNT4GXFC5URBJA,B01DX9HUP2,5.0,1525232724707
AH53O5J6Z43NTSVNT4GXFC5URBJA,B076LKL1XY,3.0,1525232303130
AH54O632OWYTF6GDCKMOWYOBM4MA,B0002KHT8Y,5.0,1318525465000
AH54O632OWYTF6GDCKMOWYOBM4MA,B01M1IEADO,5.0,1512967191016
AH54O632OWYTF6GDCKMOWYOBM4MA,B085T35K5K,5.0,1610306663927
AH5DLECL26MA7OPA2HLGKKYYEOTA,B07H8Z3SMK,5.0,1582471338088
AH5DLECL26MA7OPA2HLGKKYYEOTA,B0BNWXRQ18,5.0,1671303795206
AH5DLECL26MA7OPA2HLGKKYYEOTA,B0C36NBBH8,5.0,1669050377563
AH5M75HC2B2246RTHW3IMMXRLOAQ,B01M8MNCHU,4.0,1507113213163
AH5UQOQ2YT7FFS3AL4HTJ3OJPGAA,B00CP3KU4Q,5.0,1480896922000
AH5UQOQ2YT7FFS3AL4HTJ3OJPGAA,B00J7QCNDU,5.0,1502221835376
AH5UQOQ2YT7FFS3AL4HTJ3OJPGAA,B079CW539Y,5.0,1528921841545
AH6DJHI63BMRRJELA2GXTDNNP2EQ,B00SH5WGNE,1.0,1444430646000
AH6DJHI63BMRRJELA2GXTDNNP2EQ,B00VV5ZGCK,2.0,1447900867000
AH6DJHI63BMRRJELA2GXTDNNP2EQ,B0BNWSR278,5.0,1652796043082
AH6KEHCXAXLJW4CUFIAF7TJSCVNQ,B00Z5VI9MK,5.0,1494879469000
AH6KEHCXAXLJW4CUFIAF7TJSCVNQ,B07R1K1SBD,5.0,1599609258247
AH6KEHCXAXLJW4CUFIAF7TJSCVNQ,B0BNWSR278,5.0,1494879659000
AH6M3JVGK34YJF3Z2H454ZPK2FLQ,B01CDEJ1H8,5.0,1462931792000
AH6M3JVGK34YJF3Z2H454ZPK2FLQ,B01CUPHRQM,5.0,1465046269000
AH6M3JVGK34YJF3Z2H454ZPK2FLQ,B01CVQALFE,5.0,1464458730000
AH6MGKKX6XBUL33EVNOMSDAWHHIA,B01N4885PD,3.0,1339088491000
AH6XIAUFKFRDMS5R4YZUKGOGWBEA,B00XJGJO1I,5.0,1561539514713
AH6XIAUFKFRDMS5R4YZUKGOGWBEA,B07HZ7T1SZ,5.0,1561539088247
AH6XIAUFKFRDMS5R4YZUKGOGWBEA,B0BMWQQR9W,5.0,1565525475225
AH6XSUG3EHVIDX7CV73O2XUQJEZA,B076XZ3W2B,5.0,1642705862964
AH6Z4ETGIWORDLJBRJL3JJYTB53A,B00JSACNMG,4.0,1421175357000
AH6Z4ETGIWORDLJBRJL3JJYTB53A,B00KECQ8BY,4.0,1418045903000
AH6Z4ETGIWORDLJBRJL3JJYTB53A,B00MFWM1YO,5.0,1420559624000
AH7GIFN6JSKNV3ZORY2W7BKR27NA,B00ANIQPZ8,5.0,1488379675000
AH7GIFN6JSKNV3ZORY2W7BKR27NA,B01EWACUE2,5.0,1488312968000
AH7GIFN6JSKNV3ZORY2W7BKR27NA,B01LBESKBO,2.0,1488313014000
AH7GIFN6JSKNV3ZORY2W7BKR27NA,B01MAX1XPV,5.0,1520431968025
AH7UMWKEKWHRAACBVZQVJGOP2DCA,B01GS8J18E,4.0,1493738316000
AH7UMWKEKWHRAACBVZQVJGOP2DCA,B01KIMMY6C,5.0,1499105780186
AH7UMWKEKWHRAACBVZQVJGOP2DCA,B01LWUFWX5,5.0,1490371314000
AH7UMWKEKWHRAACBVZQVJGOP2DCA,B071P6V9JQ,5.0,1498346661435
AH7X2OLM7VZSZRZW5RSJ2D2LS5BQ,B071YHK7LQ,4.0,1537053763456
AH7XZ6R4OATFY4YQI4ZTGLLOJNYA,B00NCBX6AK,5.0,1561575253145
AH7XZ6R4OATFY4YQI4ZTGLLOJNYA,B083BDVS36,3.0,1617302869191
AH7XZ6R4OATFY4YQI4ZTGLLOJNYA,B0B96MFXSJ,5.0,1567165680409
AHAACFK5W6P2QVANIHJ4JBFPAVVA,B00BN9PFUW,5.0,1449708733000
AHAACFK5W6P2QVANIHJ4JBFPAVVA,B00J7QCNDU,5.0,1441981344000
AHAACFK5W6P2QVANIHJ4JBFPAVVA,B01HIIT4TE,5.0,1479424539000
AHAALBQHRVP7NR6DCVYCXPULAW6Q,B00FQD0LNW,3.0,1504882082753
AHAALBQHRVP7NR6DCVYCXPULAW6Q,B01LFO6IZK,4.0,1510621553272
AHAALBQHRVP7NR6DCVYCXPULAW6Q,B01M5LHNKP,5.0,1518106816454
AHAALBQHRVP7NR6DCVYCXPULAW6Q,B07Q7FXWCY,3.0,1564755163853
AHAALBQHRVP7NR6DCVYCXPULAW6Q,B08PF914XC,5.0,1576591884613
AHAC2EJIWC4TOBLXX2ZK5ZI2GGXA,B001VPEFPY,5.0,1487122924000
AHAC2EJIWC4TOBLXX2ZK5ZI2GGXA,B008S59834,5.0,1525997846344
AHAC2EJIWC4TOBLXX2ZK5ZI2GGXA,B08MVFKSQ8,5.0,1477705854000
AHAWLRVAH7SDB3X2VXDWQXBNTJKA,B000CSH3YG,5.0,1549121669175
AHAWLRVAH7SDB3X2VXDWQXBNTJKA,B00L5HZCPU,5.0,1530534752951
AHAWLRVAH7SDB3X2VXDWQXBNTJKA,B09B47FBLB,2.0,1570458470281
AHBDG62B3265BJNNCQX62MP4S72Q,B002KC6YG0,3.0,1495923920000
AHBDG62B3265BJNNCQX62MP4S72Q,B00H9BLZP2,1.0,1467394695000
AHBDG62B3265BJNNCQX62MP4S72Q,B01M1OFZOG,4.0,1467394874000
AHBDG62B3265BJNNCQX62MP4S72Q,B085BB7B1M,4.0,1467395021000
AHBDULN72O53ZQV5CE525Q6BEX7A,B012Q9NGE4,5.0,1457972533000
AHBDULN72O53ZQV5CE525Q6BEX7A,B013HR1A92,3.0,1463595358000
AHBDULN72O53ZQV5CE525Q6BEX7A,B08FYBSFPR,1.0,1598971717144
AHBLABMBZDVF26BIFLSFJMKWTITA,B00011JN5G,3.0,1301701566000
AHBQPN5IFI3EFXV4F5WSVVCO7VCQ,B00L4HJX7O,4.0,1414693377000
AHBQPN5IFI3EFXV4F5WSVVCO7VCQ,B00MQ6BE92,4.0,1419548481000
AHBQPN5IFI3EFXV4F5WSVVCO7VCQ,B078W6XC3C,1.0,1516748139874
AHBUPNYCPLZQVNEC3CX57RONYVZA,B07XRFLQGT,1.0,1594489075548
AHBW5PZUXJOU7CYLS7SEL2SP7SUQ,B00CQ16CT4,5.0,1551558714502
AHBW5PZUXJOU7CYLS7SEL2SP7SUQ,B085T35K5K,5.0,1591829775879
AHBW5PZUXJOU7CYLS7SEL2SP7SUQ,B0BFGRJV4H,5.0,1593612823832
AHC2PEUPYDEJBC36YY2NKHBWAJIQ,B00Z5VI9MK,4.0,1632719842992
AHC2PEUPYDEJBC36YY2NKHBWAJIQ,B08NC4378M,4.0,1632720208167
AHC2PEUPYDEJBC36YY2NKHBWAJIQ,B0BNWSR278,1.0,1632719611215
AHC3VG2ALLSPHZDU2Z52YDHMLO4Q,B0000ZLF18,5.0,1591462859044
AHC4WQGKGVP5UQ2FRGWY6TWAOETA,B074W1M23V,5.0,1628341545944
AHCFJKZNDULIMFSXLSFU4DBR6NMA,B00YQTQ9I8,4.0,1489141596000
AHCFJKZNDULIMFSXLSFU4DBR6NMA,B0107QYW14,4.0,1473818982000
AHCRN4WWEDO35VDQZ5RFXFARAAGQ,B00FNTAR3I,5.0,1427130430000
AHCRN4WWEDO35VDQZ5RFXFARAAGQ,B00K5RZIKA,5.0,1420615133000
AHCRN4WWEDO35VDQZ5RFXFARAAGQ,B00R1TAN7I,4.0,1425618842000
AHD25XQULSOQR7CSYZAFTX4ITNIA,B07MV4THJ9,1.0,1562993866119
AHD25XQULSOQR7CSYZAFTX4ITNIA,B07Y6WBGQQ,5.0,1562993972565
AHD25XQULSOQR7CSYZAFTX4ITNIA,B0C9CWKY9G,5.0,1569978422607
AHD3RYPD666CVQ53W5374SKG27IA,B007Y54ABE,5.0,1642521110747
AHD3RYPD666CVQ53W5374SKG27IA,B00W4X8U26,1.0,1519270651475
AHD3RYPD666CVQ53W5374SKG27IA,B071YPRG4C,3.0,1519270862447
AHDAKRXBSMTTWIQO6B5H3G45KXSQ,B00CQ16CT4,5.0,1448892071000
AHDAKRXBSMTTWIQO6B5H3G45KXSQ,B00H1M8R3C,5.0,1448892075000
AHDAKRXBSMTTWIQO6B5H3G45KXSQ,B0107QYW14,5.0,1463492776000
AHDKY3OQRGSOH43QZ5NLQODNZ6RA,B084Z5WGKD,4.0,1600978919134
AHDLZZOUV4W6QGT2HFSKZV6O7QUQ,B00NFV1564,5.0,1496949730000
AHDLZZOUV4W6QGT2HFSKZV6O7QUQ,B010HW5HV2,5.0,1464341470000
AHDLZZOUV4W6QGT2HFSKZV6O7QUQ,B09Q3X5YWR,5.0,1496949059000
AHDR7HUJXYRBQLD7WIARQPJQXYUA,B00N6WHTRG,5.0,1437716448000
AHDR7HUJXYRBQLD7WIARQPJQXYUA,B00NK65R5O,5.0,1421452179000
AHDR7HUJXYRBQLD7WIARQPJQXYUA,B01AHJY4YQ,5.0,1464112917000
AHDTLG6HB7HUWWVINQYGSTWLMZPA,B08BZNW9NK,5.0,1605545947900
AHDYDJ5CNTUJOVPN4PHNRAHIZXQA,B00OXDWFG2,5.0,1429808140000
AHDYDJ5CNTUJOVPN4PHNRAHIZXQA,B00PKIE760,4.0,1429808084000
AHDYDJ5CNTUJOVPN4PHNRAHIZXQA,B00S5LB08W,5.0,1425690632000
AHE2QW3HQFEVOETHNYWQ7R7Z5V2A,B00TOX0ODM,5.0,1493138423000
AHE2QW3HQFEVOETHNYWQ7R7Z5V2A,B01DD1NOZU,5.0,1496881153000
AHE2QW3HQFEVOETHNYWQ7R7Z5V2A,B07FZ5HZLM,5.0,1562531965961
AHEN6WGNOWHPZC7XQL57ROKFTDIA,B01CDEJ1H8,5.0,1474584080000
AHEN6WGNOWHPZC7XQL57ROKFTDIA,B01CUPHRQM,4.0,1478761879000
AHEN6WGNOWHPZC7XQL57ROKFTDIA,B01CVQALFE,3.0,1478644456000
AHEN6WGNOWHPZC7XQL57ROKFTDIA,B07JMMGRB1,5.0,1560582635087
AHEOVPM3FTTTJJ6GLDJ6KVWXQNYQ,B00NPX8QVE,5.0,1447970275000
AHEOVPM3FTTTJJ6GLDJ6KVWXQNYQ,B013VZRLB6,2.0,1447970210000
AHETO6VHBTLXXVC75TCDXOD654TQ,B07R4H7FPL,5.0,1601848506334
AHETO6VHBTLXXVC75TCDXOD654TQ,B07TK15BQQ,5.0,1607483380522
AHETO6VHBTLXXVC75TCDXOD654TQ,B09QW7BPMJ,5.0,1607483187051
AHETPSVV2OFMAYMP5TC6SXUK2K2A,B00N996X4G,5.0,1415057501000
AHEZFFAJEYFUG43AO5646K3WIGUQ,B00K5RZIKA,5.0,1421626036000
AHEZFFAJEYFUG43AO5646K3WIGUQ,B00XDB3QTA,5.0,1437931685000
AHEZFFAJEYFUG43AO5646K3WIGUQ,B00YZ0XOWC,5.0,1441346328000
AHFD6EZMI7MUBKHZZAW7Y2SXXVDA,B09CYPJHZ5,3.0,1616461855148
AHFFHNUQ2AHY7FQXORKFVIKIHUSA,B00011JN5G,1.0,1430271097000
AHFMQXE264C4VJK2BL3FUPG6DRYA,B00BN3FYAE,1.0,1555103155017
AHFMQXE264C4VJK2BL3FUPG6DRYA,B01605NJ2E,5.0,1492647856000
AHFMQXE264C4VJK2BL3FUPG6DRYA,B06XP1R15N,1.0,1509302372121
AHFUHFHOK2ZLZ3HFG6LGZWC3Y5DQ,B006GDB518,5.0,1525768331826
AHGAGZ44BF2KBDBRZBTGIH34OB3Q,B003ILUQPM,5.0,1301786032000
AHGAGZ44BF2KBDBRZBTGIH34OB3Q,B00TNREDHW,5.0,1437230624000
AHGAGZ44BF2KBDBRZBTGIH34OB3Q,B00XBRCWSM,5.0,1452821740000
AHGEIRIIDP6MZCIXLSLPGFIXMO4A,B07TK15BQQ,1.0,1643514050556
AHGHFUXUMDM3HYZ273MJ3XDOCBAQ,B01F65SZ5U,5.0,1621030756052
AHGIUQ7XGX4SLTFL4QKU5PLHRALQ,B071YHK7LQ,5.0,1530819191402
AHGIUQ7XGX4SLTFL4QKU5PLHRALQ,B0914JBBTV,4.0,1587235551253
AHGUH22VK5BHBQ5JXP63TCMN4TXQ,B01N2VTZCC,1.0,1545863199748
AHGXE7JAYAKQUW45EDCIJZWPJN7Q,B00DT4757A,5.0,1440442897000
AHGXE7JAYAKQUW45EDCIJZWPJN7Q,B00OS9YWJY,5.0,1438800383000
AHGXE7JAYAKQUW45EDCIJZWPJN7Q,B014FE69WE,5.0,1455743390000
AHGZBFLJ7QY2JVO6XHWSAVAR7MBA,B00Z5VI9MK,5.0,1557585790008
AHGZBFLJ7QY2JVO6XHWSAVAR7MBA,B01IG41ZG4,4.0,1477397926000
AHGZBFLJ7QY2JVO6XHWSAVAR7MBA,B0759NDR71,5.0,1536085372579
AHH3PU6S3VC6LIY7QU6EQYXQY6FQ,B003VC6V7K,5.0,1681062366577
AHHA7FNGYVX5UNDN44WBYZL2ZLYQ,B017JSZKGY,5.0,1461180387000
AHHIRH2ERUXKTEX74DEHDS4VQ3YA,B07Y6WBGQQ,2.0,1466366793000
AHHJ7Z3YBDK4JPIC5DUOKK64Y5EA,B07F27DK7C,4.0,1566621456651
AHHMHVZC4UYPWW4Y234LIDK7ZADA,B000CSH3YG,5.0,1353216551000
AHHMHVZC4UYPWW4Y234LIDK7ZADA,B00H1M8R3C,5.0,1418258903000
AHHMHVZC4UYPWW4Y234LIDK7ZADA,B085BB7B1M,5.0,1356504534000
AHHOHYDLVJS4LDQYBI5JULNYJ4LQ,B00A0RUGPM,5.0,1521136239876
AHHOHYDLVJS4LDQYBI5JULNYJ4LQ,B01FK1IUIM,1.0,1480474078000
AHHOHYDLVJS4LDQYBI5JULNYJ4LQ,B0881Y9BLS,5.0,1477872121000
AHHOHYDLVJS4LDQYBI5JULNYJ4LQ,B0BM4GX6TT,3.0,1533127278218
AHHU6DNGZ64JKJLLTGSKEJTBE7SQ,B00JJV2XL0,5.0,1424371983000
AHHVZUGLOTLPGSXLMFHQO7I7HF6A,B07Y6WBGQQ,5.0,1355591830000
AHHWI6X47RXVMZOZCKRZCGZG36CQ,B000FEF1V4,4.0,1277098230000
AHHWI6X47RXVMZOZCKRZCGZG36CQ,B000PKKAGO,3.0,1197929113000
AHHWI6X47RXVMZOZCKRZCGZG36CQ,B000PKMA2G,3.0,1197928942000
AHHWI6X47RXVMZOZCKRZCGZG36CQ,B000PKNPES,3.0,1197724276000
AHHWI6X47RXVMZOZCKRZCGZG36CQ,B001ET7HJI,1.0,1392799624000
AHICCRNLAQ4KET6XWS5JLFVP6RSA,B00LWHUJLU,4.0,1540950881367
AHICCRNLAQ4KET6XWS5JLFVP6RSA,B012Q9NGE4,4.0,1462146833000
AHICCRNLAQ4KET6XWS5JLFVP6RSA,B01NB1ZBA1,5.0,1497373650423
AHIEU2QI5FKSJYL2ZY7IKU5GC5KQ,B017JSZKGY,1.0,1463285452000
AHIII3CYSZ2RA3BMNPUBLUWZ5MXQ,B01359SGQM,5.0,1680220551266
AHIPWVET5XLX632VBPO3YAAV4TRQ,B003ILUQPM,3.0,1442376121000
AHIPWVET5XLX632VBPO3YAAV4TRQ,B074KD4PX2,3.0,1558671634658
AHIPWVET5XLX632VBPO3YAAV4TRQ,B0BM4GX6TT,4.0,1597960510232
AHIQQW62ZQG7RMO6WFZRGPM4GY2Q,B00L62HMQG,4.0,1443547629000
AHIQQW62ZQG7RMO6WFZRGPM4GY2Q,B07F1S64GC,5.0,1539469656621
AHJ57LR4KNFBJW7XYTZCIGYILPEA,B011EXDBAM,5.0,1465819155000
AHJ57LR4KNFBJW7XYTZCIGYILPEA,B01CUPHRQM,5.0,1465819170000
AHJ57LR4KNFBJW7XYTZCIGYILPEA,B01CVQALFE,5.0,1465819203000
AHJ6RT3EYLZ4SKIDSWKC2PHOBLLA,B00L4HJX7O,4.0,1447237324000
AHJ6RT3EYLZ4SKIDSWKC2PHOBLLA,B00X6P92OG,5.0,1444645050000
AHJ6RT3EYLZ4SKIDSWKC2PHOBLLA,B01AYTGWA8,2.0,1463265067000
AHJ6RT3EYLZ4SKIDSWKC2PHOBLLA,B01G45HX18,5.0,1467612296000
AHJEM2HZDNZWYIAGENWW6GTHHLNA,B00XTW44GM,1.0,1606371897327
AHJEM2HZDNZWYIAGENWW6GTHHLNA,B012Q9NGE4,1.0,1608667670264
AHJEM2HZDNZWYIAGENWW6GTHHLNA,B016D604OG,3.0,1520899914570
AHJH4533YOYFU5OHTBYMITNU2PNA,B00I4ZTCH0,5.0,1439774552000
AHJH4533YOYFU5OHTBYMITNU2PNA,B01557EHW4,5.0,1461533963000
AHJH4533YOYFU5OHTBYMITNU2PNA,B074CQC2NG,4.0,1620832536091
AHJK652RGCUK75V4J3OVHVPKKE2A,B08DLHNTW4,5.0,1603356577973
AHJM4XA6MOVYCBVHT76BVMJHHLCA,B08NJ5T4VY,4.0,1637318339149
AHJSBAR7MTZJJRDK55K5TIRAQ6KA,B00LCBLEGK,5.0,1465322796000
AHJSBAR7MTZJJRDK55K5TIRAQ6KA,B00T5GD1TC,5.0,1509156378665
AHJSBAR7MTZJJRDK55K5TIRAQ6KA,B06XK5RJMR,5.0,1504546379878
AHJYXC3XXS6XUDMJ2GXJUCKCRLJA,B00NQ2CCOQ,1.0,1589729912385
AHK3S32VWSXOBIYYF2MKGXUDRDBA,B07CKTWB2N,5.0,1643563631330
AHKB6UMXUWILTVY6XRZMYDNO5IMA,B00GX1RFEY,5.0,1547134371463
AHKB6UMXUWILTVY6XRZMYDNO5IMA,B0797Q1D4B,5.0,1584653223790
AHKB6UMXUWILTVY6XRZMYDNO5IMA,B07DQGT2JH,5.0,1602774397144
AHKIVKDCFH4664NSTVHOGPV6XSLA,B00R8LI7ZO,5.0,1481497502000
AHKIVKDCFH4664NSTVHOGPV6XSLA,B00VRTPUEY,5.0,1566698766085
AHKIVKDCFH4664NSTVHOGPV6XSLA,B01F7WA2X0,5.0,1486796142000
AHKIVKDCFH4664NSTVHOGPV6XSLA,B01GDRHBQ4,5.0,1478702907000
AHKIVKDCFH4664NSTVHOGPV6XSLA,B01I2MU2JQ,5.0,1475640140000
AHKO7WM2ZHLCGCYWBCJ3Q7MQYOMQ,B00NB96EI4,5.0,1534299192856
AHKO7WM2ZHLCGCYWBCJ3Q7MQYOMQ,B01CTQC9J2,4.0,1489936560000
AHKO7WM2ZHLCGCYWBCJ3Q7MQYOMQ,B073TBC4TS,5.0,1616262487831
AHKOKSXYQKKUB7W2ZJ4J3ZZM7GGA,B01E3MF6KE,3.0,1553751680151
AHLIKRKESE25UG2ZH6W3C4S35NHQ,B012Q9NGE4,5.0,1476207938000
AHLIKRKESE25UG2ZH6W3C4S35NHQ,B01DN6K390,5.0,1485367416000
AHLIKRKESE25UG2ZH6W3C4S35NHQ,B07BS2BSVJ,5.0,1535992949660
AHLOX55DA2FJGDTQER3XWNDRKMKQ,B00Z5VI9MK,5.0,1536190228238
AHLOX55DA2FJGDTQER3XWNDRKMKQ,B01IG41ZG4,5.0,1484159032000
AHLOX55DA2FJGDTQER3XWNDRKMKQ,B07S9DLZGT,4.0,1567739614762
AHLOX55DA2FJGDTQER3XWNDRKMKQ,B0BNWSR278,2.0,1535472535222
AHMDTU76OKKWSAZPDY65TEX4CB5Q,B01DX9HUP2,5.0,1484710282000
AHMDTU76OKKWSAZPDY65TEX4CB5Q,B07G19ZXWB,5.0,1551157739333
AHMDTU76OKKWSAZPDY65TEX4CB5Q,B08383FHW2,3.0,1555835547955
AHMFEOQV3I4XGNB32ZBJ3GD4UEJA,B006GDQL44,5.0,1462166488000
AHMFEOQV3I4XGNB32ZBJ3GD4UEJA,B00NPF64L6,5.0,1441702622000
AHMFEOQV3I4XGNB32ZBJ3GD4UEJA,B016YH0REG,5.0,1449446874000
AHMLMPEGLR7KMZVBMYFH376LCIGA,B0170FP8CC,4.0,1458764453000
AHMNH6OIAO42K2MNEUAEVPO4LEKQ,B00W4X8U26,5.0,1550144417693
AHMNH6OIAO42K2MNEUAEVPO4LEKQ,B083W38T38,5.0,1611364312753
AHMNH6OIAO42K2MNEUAEVPO4LEKQ,B087GB8ZRF,5.0,1611364204103
AHMXSUA754JKU5GZEIPURZVLM3WQ,B01N4X4JWP,2.0,1528760692085
AHMXSUA754JKU5GZEIPURZVLM3WQ,B0728KY299,4.0,1530028487969
AHN4WYCPP43HGV6CK7XKXOHPXZDQ,B07H281V4V,5.0,1564001878168
AHN4WYCPP43HGV6CK7XKXOHPXZDQ,B0BNWSR278,1.5,1626913292506
AHN5WMZMW4FFNTGU3M44COMEX3JA,B07W7H1PKK,5.0,1644439913923
AHNATZRNX6XFEU5LQEA52NKSDLNQ,B00HI11M2O,5.0,1453751966000
AHNATZRNX6XFEU5LQEA52NKSDLNQ,B01DGWYQCG,1.0,1469760242000
AHNATZRNX6XFEU5LQEA52NKSDLNQ,B077D4921Z,1.0,1513056459436
AHNBDPFHJNRNZKQO3MANJC6VGV4Q,B000G8LWZI,5.0,1402330601000
AHNBDPFHJNRNZKQO3MANJC6VGV4Q,B000I1CFC2,5.0,1424277831000
AHNBDPFHJNRNZKQO3MANJC6VGV4Q,B017BGJLBE,5.0,1543086536729
AHNDIZGMOYCBKIBUXKIX5O5GZCQA,B00L4HJX7O,5.0,1419002966000
AHNDIZGMOYCBKIBUXKIX5O5GZCQA,B00MQ6BE92,5.0,1426469153000
AHNDIZGMOYCBKIBUXKIX5O5GZCQA,B00NT0AR7E,5.0,1419001616000
AHNDIZGMOYCBKIBUXKIX5O5GZCQA,B0163GB1NE,5.0,1446090338000
AHNLOFTL5LI2QTNQYSQRQY2FABAQ,B00KXFD75M,2.0,1423369769000
AHNLOFTL5LI2QTNQYSQRQY2FABAQ,B0778G25S7,4.0,1613000462790
AHNLOFTL5LI2QTNQYSQRQY2FABAQ,B08XMBHL8C,5.0,1549556288564
AHNSZCP3JIOZZVYXFJRGQEKRSTFA,B000067E30,5.0,1151636199000
AHNSZCP3JIOZZVYXFJRGQEKRSTFA,B00AX3YNPC,5.0,1366219114000
AHNSZCP3JIOZZVYXFJRGQEKRSTFA,B078W6XC3C,4.0,1516108320832
AHNSZCP3JIOZZVYXFJRGQEKRSTFA,B07Q9516Z2,4.0,1569006569894
AHO7GPUAJKRLK7TRMNSR3KJCKAWQ,B008J1H6TK,3.0,1466930758000
AHOF7C3U3N7YS4KB4XHJRAGVY7FQ,B077D4921Z,1.0,1526782026499
AHOF7C3U3N7YS4KB4XHJRAGVY7FQ,B07Q43SJLZ,5.0,1562707508673
AHOF7C3U3N7YS4KB4XHJRAGVY7FQ,B0BM4GX6TT,1.0,1579583088640
AHOVTW5RBDOMXHBOPXGX6M6GSOSA,B00VIYHWUS,5.0,1458404368000
AHOVTW5RBDOMXHBOPXGX6M6GSOSA,B011JG1K3E,5.0,1458404230000
AHOVTW5RBDOMXHBOPXGX6M6GSOSA,B012Q9NGE4,4.0,1454992860000
AHOVTW5RBDOMXHBOPXGX6M6GSOSA,B07P6TN5RF,5.0,1637427407877
AHPFX4QQWAWY3T2VHSOII5PURCQQ,B006GDQL44,5.0,1463252624000
AHPFX4QQWAWY3T2VHSOII5PURCQQ,B00NB96EI4,5.0,1456146868000
AHPFX4QQWAWY3T2VHSOII5PURCQQ,B00U2VQZC4,5.0,1536163009223
AHPL3MPWTYQHP7V67OSGA4HPTZPA,B00K58HQRM,4.0,1444235075000
AHPL3MPWTYQHP7V67OSGA4HPTZPA,B00V5YFCVM,5.0,1444199081000
AHPL3MPWTYQHP7V67OSGA4HPTZPA,B012Q9NGE4,5.0,1456536846000
AHPLF4O3R345DHUAGCMQPTODSMGQ,B07XJYFZ5N,5.0,1626646886744
AHPUPS6DAAXYDLLPOY6MKWKCNIQA,B0821T443T,5.0,1657498893950
AHQ4VAOPWBYUD3FUNK53CM6N77BA,B01BH8FGA2,5.0,1471998177000
AHQ4VAOPWBYUD3FUNK53CM6N77BA,B01CYTUXHO,4.0,1479271164000
AHQ4VAOPWBYUD3FUNK53CM6N77BA,B01GS8J18E,4.0,1492615519000
AHQ4VAOPWBYUD3FUNK53CM6N77BA,B01I2MU2JQ,5.0,1476151156000
AHQ4VAOPWBYUD3FUNK53CM6N77BA,B01M32EXU4,4.0,1497745404262
AHQOMSBVZE2T4I7DAGR6HMR2OIAA,B081G86V1K,4.0,1583354573864
AHQOMSBVZE2T4I7DAGR6HMR2OIAA,B083DJCNRC,5.0,1589403894637
AHQOMSBVZE2T4I7DAGR6HMR2OIAA,B08TGCK4T1,5.0,1602173882436
AHQV3PHA6HAKTE2CU443ET3PNZ6Q,B005IYZLWU,4.0,1545843976801
AHQV3PHA6HAKTE2CU443ET3PNZ6Q,B01N64PK4M,5.0,1517607699822
AHQV3PHA6HAKTE2CU443ET3PNZ6Q,B076Z7K7ML,5.0,1517607939030
AHQWK7J2SMENB5MFFNJCYMPYXJJQ,B07WVBDLG9,5.0,1629049972640
AHR7VYN5WWTUYVPEUQLTEEWITOXA,B01GS8J18E,5.0,1534218271123
AHR7VYN5WWTUYVPEUQLTEEWITOXA,B01I2MU2JQ,5.0,1534217919251
AHR7VYN5WWTUYVPEUQLTEEWITOXA,B08383FHW2,5.0,1534218164763
AHRAQQVUV673J3AIM6YAR753NZWQ,B00JNI1DZQ,2.0,1508328307351
AHRLCNPFK6ODY5Q6YCGEJP24XZEA,B01BJCLNIA,5.0,1521729895977
AHRT5JLCMVE6TIYDK7M4I7XGNQYA,B00JNI1DZQ,5.0,1428200787000
AHRT5JLCMVE6TIYDK7M4I7XGNQYA,B00SH5WGNE,5.0,1427745886000
AHRT5JLCMVE6TIYDK7M4I7XGNQYA,B01495J3MM,5.0,1444265618000
AHS4TKEAKDNT4DP6LA3C5N32A3IQ,B000X1YING,5.0,1489629207000
AHS4TKEAKDNT4DP6LA3C5N32A3IQ,B001UZ31SC,4.0,1505941994797
AHS4TKEAKDNT4DP6LA3C5N32A3IQ,B07VN4BKZB,5.0,1577327085407
AHS6AYUPUWQ5FIHMTHVEMT6LY54Q,B007WFZ0XI,5.0,1403214723000
AHS6AYUPUWQ5FIHMTHVEMT6LY54Q,B00HZ0M7P4,5.0,1402961352000
AHS6AYUPUWQ5FIHMTHVEMT6LY54Q,B06XFL9YYL,3.0,1493084581000
AHS6HN225JAICFXZDVVGP7YHXVKA,B083W38T38,3.0,1633390843543
AHSELEKODCOA7N4XEVRO367K66IA,B00KBYQDI8,5.0,1433089466000
AHSELEKODCOA7N4XEVRO367K66IA,B075Z3MGH8,5.0,1588565778602
AHSELEKODCOA7N4XEVRO367K66IA,B07WJR4NC4,5.0,1583281211262
AHSHZS34HHIO6S3T2AVWUXK6V6IA,B07K5D3YZ3,3.0,1580169203123
AHSYMBL4N3GZBG7JLFDAG64UIYDQ,B012V77VHE,1.0,1617667458573
AHT2KUN34J2BGXGJYZTZZDPUHYQQ,B01DX9HUP2,3.0,1537661261996
AHT6AM6BNIZUHFJB5V2M6XM72G7Q,B0778G25S7,4.0,1579834776250
AHT6AM6BNIZUHFJB5V2M6XM72G7Q,B07TLMZL3T,4.0,1567387439140
AHT6AM6BNIZUHFJB5V2M6XM72G7Q,B0875V791H,4.0,1594954434139
AHT6AM6BNIZUHFJB5V2M6XM72G7Q,B09GNXK3N1,4.0,1614229912744
AHTB4ALPIUTLV6QUPF3MEPRLESJA,B07J3H27BJ,5.0,1516988969493
AHTCPAJYAUYTDJQK5VAW6YLSTKNQ,B002RPHB0S,5.0,1388765408000
AHTCSSS7C4YVZTK3REA7EV2P456A,B0722HKRHH,1.0,1588531422684
AHTMUYIZIJO3DZOB3NF5BGSPZWXA,B00H3WGN9K,5.0,1409223908000
AHTMUYIZIJO3DZOB3NF5BGSPZWXA,B00J2D80W6,5.0,1413472080000
AHTMUYIZIJO3DZOB3NF5BGSPZWXA,B00LYRDJL0,5.0,1413048333000
AHTMUYIZIJO3DZOB3NF5BGSPZWXA,B016YH0REG,5.0,1447859868000
AHTO6T4XBL6ZF4XI3IRE2EBXGXIA,B00K5RZIKA,5.0,1420857357000
AHTO6T4XBL6ZF4XI3IRE2EBXGXIA,B00KCTER3U,5.0,1426801470000
AHTO6T4XBL6ZF4XI3IRE2EBXGXIA,B00R1TAN7I,5.0,1426094742000
AHTTDWB3A7MFG5BSBUSQ6EOCEHNQ,B06Y44MMT6,5.0,1576475697291
AHTTDWB3A7MFG5BSBUSQ6EOCEHNQ,B07G19ZXWB,5.0,1560017700388
AHTTDWB3A7MFG5BSBUSQ6EOCEHNQ,B07TLMZL3T,5.0,1576475964408
AHU72BG7NPOXVS5O2ZNYKADGXSKQ,B09XBSDCXP,1.0,1674482791369
AHUBCFLLW7O2VWFRNO5A6TZ3PLAQ,B000X20Y4C,1.0,1517188685207
AHUBCFLLW7O2VWFRNO5A6TZ3PLAQ,B086H4C8QB,4.0,1420842109000
AHUDAIT2CMG5MCWET7KEMNOGWV4Q,B012Q9NGE4,4.0,1453297449000
AHUDAIT2CMG5MCWET7KEMNOGWV4Q,B013VZRLB6,4.0,1454188423000
AHUDAIT2CMG5MCWET7KEMNOGWV4Q,B01F7WA2X0,5.0,1467923696000
AHUPMSVSJYI2OTYW2MOOXFI2V47Q,B01IG41ZG4,5.0,1481036878000
AHUPMSVSJYI2OTYW2MOOXFI2V47Q,B01N7P32PN,5.0,1522065497092
AHUPMSVSJYI2OTYW2MOOXFI2V47Q,B0BM4G8PN1,5.0,1442166728000
AHUTPRAP4ESGPOHJQCXFE6CKM53A,B01ISIU16I,5.0,1680462868652
AHUUPHN3BNDVNY5KBQT54KJ3PQZA,B000GCVVWI,5.0,1476817125000
AHUUPHN3BNDVNY5KBQT54KJ3PQZA,B005B6GCN2,5.0,1445115967000
AHUUPHN3BNDVNY5KBQT54KJ3PQZA,B00M0FMEZM,4.0,1470011128000
AHUUPHN3BNDVNY5KBQT54KJ3PQZA,B00Z9YZ4S0,4.0,1466538636000
AHUYNCRK5RW5AGLESZFL7E24E26Q,B07C1YQTGN,1.0,1614456109854
AHV322KMBFUD2HKZ3KFJREBMYVMQ,B000X20Y4C,5.0,1518806928880
AHV322KMBFUD2HKZ3KFJREBMYVMQ,B00WAOH7NW,4.0,1519702996962
AHV322KMBFUD2HKZ3KFJREBMYVMQ,B071GQNN4G,4.0,1519542731278
AHV322KMBFUD2HKZ3KFJREBMYVMQ,B09LHS6RGF,5.0,1519448918784
AHV6QCNBJNSGLATP56JAWJ3C4G2A,B00KXFD75M,4.0,1454626110000
AHV6QCNBJNSGLATP56JAWJ3C4G2A,B00N6WHTRG,5.0,1416250542000
AHV6QCNBJNSGLATP56JAWJ3C4G2A,B07FZ5HZLM,4.0,1548092773968
AHV6QCNBJNSGLATP56JAWJ3C4G2A,B0BTJ6SYKB,4.0,1623188037011
AHVPPEZ474SSKD7UFJ6NG2UM535Q,B01CDEJ1H8,3.0,1493848790000
AHVPPEZ474SSKD7UFJ6NG2UM535Q,B01CVQALFE,4.0,1493848866000
AHVPPEZ474SSKD7UFJ6NG2UM535Q,B08XMBHL8C,5.0,1577733564661
AHVQ4L5AYLSM3544D34BVE7AVTAA,B000G8LWZI,5.0,1428524601000
AHVQ4L5AYLSM3544D34BVE7AVTAA,B00EKT69A2,5.0,1478650939000
AHVQ4L5AYLSM3544D34BVE7AVTAA,B01F7WA2X0,5.0,1476841625000
AHVQR7U4PJ7VTG36DQMRSIHK7O6A,B01CUPHRQM,4.0,1474383798000
AHVQR7U4PJ7VTG36DQMRSIHK7O6A,B01G45HX18,5.0,1471275214000
AHVQR7U4PJ7VTG36DQMRSIHK7O6A,B08B1PR9C7,5.0,1595693056418
AHVU665DOVO3YQR3EPBVHZNRPGVQ,B01F8P1TI8,1.0,1509695850015
AHVVO75O34TKI6IU4DCIAECGQEDA,B01MAX1XPV,5.0,1540169220262
AHVW2OYU72VPSY7NSGBWUHTJN2OA,B00TPDSM4E,5.0,1572843899396
AHVW2OYU72VPSY7NSGBWUHTJN2OA,B00V913AXS,5.0,1439854534000
AHVW2OYU72VPSY7NSGBWUHTJN2OA,B01M1OFZOG,3.0,1561955291440
AHW2KZFEKLQKRE23TLRKC3MBWL4Q,B001O1M6II,5.0,1523247189342
AHWB4USCQAYW3PTM7X5POACK4DHQ,B083DJCNRC,5.0,1611348357574
AHWB4USCQAYW3PTM7X5POACK4DHQ,B08JZG5WN6,5.0,1611348920628
AHWB4USCQAYW3PTM7X5POACK4DHQ,B09B9NYX77,5.0,1638829361047
AHWBOIDFSHGZD5FPNPRYFBUYOX7Q,B0C6R11392,5.0,1599171817932
AHWRAZZQ3U3UC5YJJQZWJAGOWHKA,B008TGSAFE,3.0,1455794468000
AHWRAZZQ3U3UC5YJJQZWJAGOWHKA,B011JG1K3E,3.0,1446399311000
AHWRAZZQ3U3UC5YJJQZWJAGOWHKA,B012Q9NGE4,5.0,1455495122000
AHWUA3QQ45OT5POP7JH4GQZNDZGA,B0793RGV6C,5.0,1605892056827
AHWUA3QQ45OT5POP7JH4GQZNDZGA,B07DMD8M5T,5.0,1611429422976
AHWUA3QQ45OT5POP7JH4GQZNDZGA,B09P3ZMV55,5.0,1561744921856
AHWUA3QQ45OT5POP7JH4GQZNDZGA,B0B2GF9GKL,5.0,1581889905684
AHX2R6JUKKG7EERFIDYJBR4IBZRQ,B015YEZ7Z4,1.0,1511986231713
AHXOB5WELAQAIPQOIAKURPAQLD3A,B000A23CQM,3.0,1241914641000
AHXOB5WELAQAIPQOIAKURPAQLD3A,B000FEGUIM,2.0,1201560666000
AHXOB5WELAQAIPQOIAKURPAQLD3A,B000FEGUIW,1.0,1199192157000
AHXORQYRMPQPHOO5OFPFTBEKJFLA,B082BM7546,4.0,1608181297468
AHXQOFBB7HLG5JE7EQHKNTBEDZKA,B0019WZHXI,3.0,1604349334751
AHXWCFFLAJ3L5UAB7RX55V7Q2H7Q,B0163GB1NE,5.0,1523039345066
AHXWCFFLAJ3L5UAB7RX55V7Q2H7Q,B01LBXF3BA,5.0,1601250832329
AHXWCFFLAJ3L5UAB7RX55V7Q2H7Q,B0BC3MQD29,2.0,1515702045737
AHY2TURQPNIDXZGH2CMQLZ343YMQ,B088LPYXNQ,5.0,1605147991283
AHY2TURQPNIDXZGH2CMQLZ343YMQ,B0941YDPSW,5.0,1626437041414
AHY2TURQPNIDXZGH2CMQLZ343YMQ,B09YLH7JMJ,5.0,1624469067087
AHY37H4JF643FXWO3USRK3VSFFQA,B07J2BW1KH,5.0,1592941829718
AHY37H4JF643FXWO3USRK3VSFFQA,B087GB8ZRF,4.0,1596081762918
AHY37H4JF643FXWO3USRK3VSFFQA,B088LPYXNQ,5.0,1603951500347
AHYAQA63YJHRNNUOZ73FIHQSXUIQ,B01C6VLR5M,5.0,1493891416000
AHYAQA63YJHRNNUOZ73FIHQSXUIQ,B01CTQC9J2,5.0,1493891431000
AHYAQA63YJHRNNUOZ73FIHQSXUIQ,B01I2I9NG8,5.0,1493891485000
AHYG7LDVJYRMXRMVEGPKKBSF4D5Q,B00Z5VI9MK,4.0,1580316323756
AHYG7LDVJYRMXRMVEGPKKBSF4D5Q,B01EKSKUL6,5.0,1624986805801
AHYOSWORVZFXM5QMRIAW3JTTFFIQ,B01CYTUXHO,4.0,1477420055000
AHYOSWORVZFXM5QMRIAW3JTTFFIQ,B01GL4HV64,5.0,1497498149212
AHYOSWORVZFXM5QMRIAW3JTTFFIQ,B083PXJBVY,3.0,1631810149258
AHYOSWORVZFXM5QMRIAW3JTTFFIQ,B089NJG212,5.0,1622106760041
AHYOSWORVZFXM5QMRIAW3JTTFFIQ,B08HZ5Y8RY,4.0,1612158752998
AHYOSWORVZFXM5QMRIAW3JTTFFIQ,B08MPK4JRB,4.0,1609561019155
AHYVJLPXHMLFLWMKAUSRWYGZBWVA,B005BZQHEC,5.0,1361203801000
AHZ5GFAYSRF77HQIXQUYUVXJDDJQ,B001HS29LM,4.0,1516275847235
AHZEFGOF4L3BLLI4MX5CVG7W6YUA,B00E4MQENM,5.0,1478565954000
AHZEFGOF4L3BLLI4MX5CVG7W6YUA,B00U2VQZC4,4.0,1552579877238
AHZEFGOF4L3BLLI4MX5CVG7W6YUA,B01N47XMWS,4.0,1492553791000
AHZNR235K6D4BXEOQ7RJJXUNZOXA,B07C533XCW,5.0,1551281247012
AHZS2CIIXULISWZFMMFEOKDNPM5A,B00JZRTZVY,2.0,1464487955000
